상호명,지점명,도로명주소,경도,위도,광역시도,시군구,ID,브랜드명,빽다방 매장수
빽다방,,강원도 원주시 무실로12번길 33,127.947781198558,37.3500059818461,강원도,원주시,원주,빽다방,1
빽다방,춘천석사CGV점,강원도 춘천시 지석로 85,127.74483157673299,37.8511252984256,강원도,춘천시,춘천,빽다방,1
빽다방,강릉금학점,강원도 강릉시 신대학길 14,128.894954081206,37.7527998624499,강원도,강릉시,강릉,빽다방,1
빽다방,삼척대학로점,강원도 삼척시 대학로 23-8,129.163076834853,37.4432811058981,강원도,삼척시,삼척,빽다방,1
빽다방,원주단구GS점,강원도 원주시 남원로534번길 20,127.94867497082599,37.3303891369222,강원도,원주시,원주,빽다방,1
빽다방,강원대점,강원도 춘천시 서부대성로239번길 4,127.74491527683399,37.873002509237,강원도,춘천시,춘천,빽다방,1
빽다방,원주중앙1호점,강원도 원주시 원일로115번길 6,127.94793934118401,37.3498348403043,강원도,원주시,원주,빽다방,1
빽다방,삼척대학로점,강원도 삼척시 대학로 23,129.163178666434,37.4432891142107,강원도,삼척시,삼척,빽다방,1
빽다방,춘천명동점,강원도 춘천시 중앙로67번길 18,127.72774545171002,37.877730500702704,강원도,춘천시,춘천,빽다방,1
빽다방강릉교동중앙점,강릉교동중앙점,강원도 강릉시 솔올로 51,128.87819831139,37.7666845115752,강원도,강릉시,강릉,빽다방,1
빽다방동해천곡점,동해천곡점,강원도 동해시 한섬로 111-7,129.115249607932,37.5222593064486,강원도,동해시,동해,빽다방,1
빽다방,홍천중앙점,강원도 홍천군 홍천읍 꽃뫼로 99,127.88467907435499,37.6915626834471,강원도,홍천군,홍천,빽다방,1
빽다방,,강원도 원주시 원일로 115,127.948108472824,37.3500962370253,강원도,원주시,원주,빽다방,1
빽다방,춘천명동씨지브이점,강원도 춘천시 명동길 15-1,127.72705855511101,37.8790444112726,강원도,춘천시,춘천,빽다방,1
빽다방,원주혁신도시점,강원도 원주시 혁신로 61,127.98082636437599,37.323397048067,강원도,원주시,원주,빽다방,1
빽다방부천심곡대성점,부천심곡대성점,경기도 부천시 부천로 79,126.784085909903,37.4914325368328,경기도,부천시,부천,빽다방,1
빽다방,부천상지초교점,경기도 부천시 장말로199번길 6-4,126.76427144266,37.4929749355153,경기도,부천시,부천,빽다방,1
빽다방,안양비산점,경기도 안양시 동안구 관악대로 177,126.94377619705901,37.399204284892505,경기도,동안구,동안,빽다방,1
빽다방,단대오거리역점,경기도 성남시 중원구 산성대로 354,127.155654663191,37.443915449348296,경기도,중원구,중원,빽다방,1
빽다방김포장기쌍용점,김포장기쌍용점,경기도 김포시 김포한강2로23번길 50,126.679619610658,37.6410151320518,경기도,김포시,김포,빽다방,1
빽다방동탄은행사거리점,동탄은행사거리점,경기도 화성시 동탄지성로 121,127.061867369068,37.2087463796896,경기도,화성시,화성,빽다방,1
빽다방,역곡점,경기도 부천시 부일로 748,126.81275720016701,37.486092667189205,경기도,부천시,부천,빽다방,1
빽다방,송내역남부점,경기도 부천시 송내대로 33,126.75279973222,37.48648406123571,경기도,부천시,부천,빽다방,1
빽다방,병점점,경기도 화성시 효행로 1028,127.04005917400801,37.2129780300867,경기도,화성시,화성,빽다방,1
빽다방,포천송우중앙점,경기도 포천시 소흘읍 송우로 80,127.140603094569,37.830371874476796,경기도,포천시,포천,빽다방,1
빽다방,수원천천롯데점,경기도 수원시 장안구 만석로19번길 25-3,126.98328299407,37.2963145120979,경기도,장안구,장안,빽다방,1
빽다방,구리돌다리점,경기도 구리시 검배로6번길 27,127.140216724468,37.5997234088399,경기도,구리시,구리,빽다방,1
빽다방,이천로데오점,경기도 이천시 어재연로37번길 27,127.444095797974,37.2805157355222,경기도,이천시,이천,빽다방,1
빽다방,미금역농협점,경기도 성남시 분당구 돌마로90번길 4,127.111720522244,37.3497103191204,경기도,분당구,분당,빽다방,1
빽다방,야탑역NC점,경기도 성남시 분당구 야탑로75번길 15,127.126810235007,37.411159138071206,경기도,분당구,분당,빽다방,1
빽다방,동탄북광장점,경기도 화성시 동탄중심상가2길 5,127.072694091828,37.205975137433796,경기도,화성시,화성,빽다방,1
빽다방,평촌CGV점,경기도 안양시 동안구 관평로170번길 33,126.96224933433001,37.3929702972725,경기도,동안구,동안,빽다방,1
빽다방,안양역점,경기도 안양시 만안구 만안로 224,126.92308718467,37.4006305596689,경기도,만안구,만안,빽다방,1
빽다방,평택소사벌1호점,경기도 평택시 평남로 941,127.104167695061,37.0046099629836,경기도,평택시,평택,빽다방,1
빽다방,파주금릉역점,경기도 파주시 금빛로 24,126.76686429866699,37.7519811388475,경기도,파주시,파주,빽다방,1
빽다방,범계역점,경기도 안양시 동안구 평촌대로223번길 42,126.953288571332,37.3908999607917,경기도,동안구,동안,빽다방,1
빽다방,오산역점,경기도 오산시 대원로 14,127.06996888652901,37.1461743881899,경기도,오산시,오산,빽다방,1
빽다방,평내호평역점,경기도 남양주시 늘을2로 32,127.24406506062701,37.655650518351,경기도,남양주시,남양주,빽다방,1
빽다방,,경기도 의정부시 호국로1298번길 75,127.048473490129,37.7401298695735,경기도,의정부시,의정부,빽다방,1
빽다방,과천렉스타운점,경기도 과천시 별양상가1로 25,126.992528747881,37.4282655938422,경기도,과천시,과천,빽다방,1
빽다방,분당서현대명점,경기도 성남시 분당구 황새울로360번길 12,127.124984247659,37.386528227323396,경기도,분당구,분당,빽다방,1
빽다방,하남신장시장점,경기도 하남시 신장로 122,127.204789506151,37.538066376766295,경기도,하남시,하남,빽다방,1
빽다방,강남대점,경기도 용인시 기흥구 강남로 3,127.126131428473,37.2709903107511,경기도,기흥구,기흥,빽다방,1
빽다방,김포사우점,경기도 김포시 돌문로 50,126.717730697881,37.619549993380296,경기도,김포시,김포,빽다방,1
빽다방,안산초지풍림점,경기도 안산시 단원구 광덕1로 64,126.816655507229,37.308128621155504,경기도,단원구,단원,빽다방,1
빽다방,문산시장점,경기도 파주시 문산읍 문산로 35-3,126.78318894743,37.8574496236874,경기도,파주시,파주,빽다방,1
빽다방,,경기도 고양시 덕양구 중앙로 450,126.845532724869,37.618427882458604,경기도,덕양구,덕양,빽다방,1
빽다방,시흥정왕옥구점,경기도 시흥시 옥구상가2길 3,126.724411262395,37.3537187420046,경기도,시흥시,시흥,빽다방,1
빽다방,광교월드스퀘어점,경기도 수원시 영통구 센트럴타운로 107,127.048361864893,37.2919087095505,경기도,영통구,영통,빽다방,1
빽다방,,경기도 용인시 기흥구 관곡로64번길 18,127.112482093159,37.2811251998346,경기도,기흥구,기흥,빽다방,1
빽다방,구리인창늘푸른점,경기도 구리시 건원대로34번길 35,127.142186788823,37.6046935027976,경기도,구리시,구리,빽다방,1
빽다방,,경기도 안산시 단원구 광덕대로 145,126.828975255345,37.3094946491179,경기도,단원구,단원,빽다방,1
빽다방,산본중앙점,경기도 군포시 산본로343번길 23,126.930352783622,37.359860223831504,경기도,군포시,군포,빽다방,1
빽다방,남양주장현점,경기도 남양주시 진접읍 장현로 77,127.18086950741801,37.7176073931042,경기도,남양주시,남양주,빽다방,1
빽다방역점,,경기도 성남시 중원구 산성대로 354,127.155654663191,37.443915449348296,경기도,중원구,중원,빽다방,1
빽다방김포한강CGV점,김포한강CGV점,경기도 김포시 김포한강11로 288-32,126.684155535897,37.6542925703564,경기도,김포시,김포,빽다방,1
빽다방,모란역점,경기도 성남시 중원구 성남대로 1141,127.128695870766,37.4317085116434,경기도,중원구,중원,빽다방,1
빽다방,수내역초림점,경기도 성남시 분당구 백현로101번길 17,127.11249978605801,37.3774694629586,경기도,분당구,분당,빽다방,1
빽다방,평촌역금강점,경기도 안양시 동안구 시민대로 325,126.966124983447,37.396112925630604,경기도,동안구,동안,빽다방,1
빽다방,상동역푸른마을점,경기도 부천시 상동로 84,126.753472678946,37.50450282783721,경기도,부천시,부천,빽다방,1
빽다방김포장기쌍용점,김포장기쌍용점,경기도 김포시 김포한강2로23번길 14,126.678804609813,37.642249394750294,경기도,김포시,김포,빽다방,1
빽다방,일산동구청점,경기도 고양시 일산동구 정발산로 38,126.77311114669901,37.6567020093843,경기도,일산동구,일산동,빽다방,1
빽다방,부천원종중앙점,경기도 부천시 소사로 747,126.804401575335,37.52294190210979,경기도,부천시,부천,빽다방,1
빽다방,오산시청점,경기도 오산시 운암로 35,127.076040794316,37.149501919860896,경기도,오산시,오산,빽다방,1
빽다방,안산본오주공점,경기도 안산시 상록구 샘골로 189,126.863006479639,37.3006986723234,경기도,상록구,상록,빽다방,1
빽다방,안양1번가점,경기도 안양시 만안구 장내로139번길 35,126.92187818498002,37.399087736373204,경기도,만안구,만안,빽다방,1
빽다방,동서울대점,경기도 성남시 수정구 복정로72번길 4,127.126829102122,37.4591413184632,경기도,수정구,수정,빽다방,1
빽다방,정자카페점,경기도 성남시 분당구 정자일로 230,127.106487401127,37.3703146775872,경기도,분당구,분당,빽다방,1
빽다방,산본역점,경기도 군포시 산본로323번길 16-5,126.931945344424,37.3590005783845,경기도,군포시,군포,빽다방,1
빽다방,광명철산점,경기도 광명시 오리로856번길 25,126.869539891401,37.4757560182011,경기도,광명시,광명,빽다방,1
빽다방,평택소사벌1호점,경기도 평택시 평남로 929,127.105211753323,37.0037257155279,경기도,평택시,평택,빽다방,1
빽다방,경기광주이마트점,경기도 광주시 광주대로 30,127.26120641738399,37.4096334060733,경기도,광주시,광주,빽다방,1
빽다방,수원삼성전자정문점,경기도 수원시 영통구 삼성로 172-4,127.057396914835,37.258361320666204,경기도,영통구,영통,빽다방,1
빽다방,광교상현신명점,경기도 용인시 수지구 광교중앙로 310,127.069731159849,37.297665341683896,경기도,수지구,수지,빽다방,1
빽다방화성삼성점,화성삼성점,경기도 화성시 효행로 1289,127.061650239356,37.223549726787894,경기도,화성시,화성,빽다방,1
빽다방,안산원곡보성점,경기도 안산시 단원구 원초로 30,126.80169176186399,37.3283871388674,경기도,단원구,단원,빽다방,1
빽다방,파주교하중앙점,경기도 파주시 청석로 262,126.718283004002,37.7251447321186,경기도,파주시,파주,빽다방,1
빽다방,성남가천대점,경기도 성남시 수정구 성남대로 1330,127.127134131161,37.4484569004601,경기도,수정구,수정,빽다방,1
빽다방,광주태전점,경기도 광주시 고불로 56,127.231800612809,37.3932265178255,경기도,광주시,광주,빽다방,1
빽다방,의정부센트럴점,경기도 의정부시 시민로 80,127.044076338479,37.7379678834912,경기도,의정부시,의정부,빽다방,1
빽다방시흥대야롯데점,시흥대야롯데점,경기도 시흥시 비둘기공원7길 51,126.791887458561,37.4416219197364,경기도,시흥시,시흥,빽다방,1
빽다방시흥거모점,시흥거모점,경기도 시흥시 군자로 517,126.78536045109101,37.344052225751,경기도,시흥시,시흥,빽다방,1
빽다방,판교유스페이스점,경기도 성남시 분당구 대왕판교로 660,127.106877533338,37.4002514151639,경기도,분당구,분당,빽다방,1
빽다방,구리인창늘푸른점,경기도 구리시 건원대로34번길 51,127.14276248032499,37.604859874209396,경기도,구리시,구리,빽다방,1
빽다방용인롯데시네마점,용인롯데시네마점,경기도 용인시 처인구 금령로 93,127.206635725868,37.235666236623395,경기도,처인구,처인,빽다방,1
빽다방,광명사거리역점,경기도 광명시 오리로 987,126.853473691259,37.479502730663704,경기도,광명시,광명,빽다방,1
빽다방,수원정자백설점,경기도 수원시 장안구 정자천로173번길 17,126.994135602258,37.2961459297248,경기도,장안구,장안,빽다방,1
빽다방,수원장안CGV점,경기도 수원시 장안구 경수대로 940,127.008040948127,37.30313855699001,경기도,장안구,장안,빽다방,1
빽다방,아주대점,경기도 수원시 영통구 아주로 26-1,127.04413813622,37.277195947862204,경기도,영통구,영통,빽다방,1
빽다방,용인죽전누리점,경기도 용인시 기흥구 죽전로 20,127.11035502415399,37.3200273231764,경기도,기흥구,기흥,빽다방,1
빽다방광교상현신명점,광교상현신명점,경기도 용인시 수지구 광교중앙로 316,127.069872006567,37.298135014417,경기도,수지구,수지,빽다방,1
빽다방,화성수원대점,경기도 화성시 봉담읍 와우로 108,126.97766271989201,37.2139787675615,경기도,화성시,화성,빽다방,1
빽다방,,경기도 수원시 팔달구 덕영대로 931-1,127.00165772353701,37.2654825975646,경기도,팔달구,팔달,빽다방,1
빽다방시흥월곶점,시흥월곶점,경기도 시흥시 월곶중앙로 59,126.738603463253,37.388534357832,경기도,시흥시,시흥,빽다방,1
빽다방,야탑역대덕점,경기도 성남시 분당구 성남대로926번길 6,127.129837212323,37.412172637737896,경기도,분당구,분당,빽다방,1
빽다방,군포당정삼거리점,경기도 군포시 고산로151번길 7,126.955384050741,37.3481087011211,경기도,군포시,군포,빽다방,1
빽다방,성남을지대점,경기도 성남시 수정구 산성대로 535,127.16432756205,37.458718611146296,경기도,수정구,수정,빽다방,1
빽다방,동탄솔빛나루점,경기도 화성시 동탄중앙로 76,127.072512708911,37.1931780568302,경기도,화성시,화성,빽다방,1
빽다방,용인동백역점,경기도 용인시 기흥구 동백중앙로 175,127.154150844501,37.2699593175951,경기도,기흥구,기흥,빽다방,1
빽다방분당서현점,분당서현점,경기도 성남시 분당구 황새울로 325,127.12141584722299,37.385555637575294,경기도,분당구,분당,빽다방,1
빽다방,분당정자엠코점,경기도 성남시 분당구 정자일로 146,127.106336892176,37.36301479127879,경기도,분당구,분당,빽다방,1
빽다방,동백쥬네브점,경기도 용인시 기흥구 동백중앙로 283,127.153661963657,37.277371852882,경기도,기흥구,기흥,빽다방,1
빽다방,의정민락위드점,경기도 의정부시 오목로205번길 22,127.097651397442,37.74540014607071,경기도,의정부시,의정부,빽다방,1
빽다방,수원권선이마트점,경기도 수원시 권선구 덕영대로1201번길 28,127.022913750709,37.2503504056181,경기도,권선구,권선,빽다방,1
빽다방,흥덕이마트점,경기도 용인시 기흥구 흥덕2로87번길 18,127.071577697461,37.27590050141411,경기도,기흥구,기흥,빽다방,1
빽다방,화성향남중앙점,경기도 화성시 향남읍 행정중앙2로 63-34,126.92255949683201,37.1305715137339,경기도,화성시,화성,빽다방,1
빽다방,,경기도 군포시 고산로 248,126.94485652964799,37.3462852108419,경기도,군포시,군포,빽다방,1
빽다방수원역점,수원역점,경기도 수원시 팔달구 향교로 9-1,127.002234731855,37.267893366428794,경기도,팔달구,팔달,빽다방,1
빽다방,미금역천사점,경기도 성남시 분당구 성남대로 165,127.108299453743,37.350756869622295,경기도,분당구,분당,빽다방,1
빽다방,의왕계원예대점,경기도 의왕시 계원대학로 40,126.975799801259,37.378977716389606,경기도,의왕시,의왕,빽다방,1
빽다방,남양주덕소점,경기도 남양주시 와부읍 덕소로 88,127.212009427531,37.5863663843955,경기도,남양주시,남양주,빽다방,1
빽다방김포구래점,김포구래점,경기도 김포시 김포한강9로76번길 49,126.626569531642,37.6447342239861,경기도,김포시,김포,빽다방,1
빽다방파주운정이마트점,파주운정이마트점,경기도 파주시 와석순환로 125,126.74582920299801,37.7121062229514,경기도,파주시,파주,빽다방,1
빽다방동탄영천한백점,동탄영천한백점,경기도 화성시 지산2길 4-2,127.112649782612,37.2062631544509,경기도,화성시,화성,빽다방,1
빽다방,파주운정산내점,경기도 파주시 청암로17번길 25,126.73531053898998,37.729085807808296,경기도,파주시,파주,빽다방,1
빽다방,,경기도 군포시 산본로323번길 16-7,126.931739116387,37.3592149725256,경기도,군포시,군포,빽다방,1
빽다방부천약대점,부천약대점,경기도 부천시 평천로 718,126.77068501284701,37.5149369786474,경기도,부천시,부천,빽다방,1
빽다방,고양원흥역점,경기도 고양시 덕양구 삼송로 12,126.875522886086,37.6495595307778,경기도,덕양구,덕양,빽다방,1
빽다방,분당서현교보점,경기도 성남시 분당구 분당로53번길 9,127.12133335941002,37.383915062008704,경기도,분당구,분당,빽다방,1
빽다방안양남부시장점,안양남부시장점,경기도 안양시 만안구 안양로 259,126.92360874947599,37.3957515511957,경기도,만안구,만안,빽다방,1
빽다방,김포구래점,경기도 김포시 김포한강9로 80,126.626045880372,37.6442505958484,경기도,김포시,김포,빽다방,1
빽다방고양삼송신원점,고양삼송신원점,경기도 고양시 덕양구 신원로 40-46,126.889416531587,37.6639813507772,경기도,덕양구,덕양,빽다방,1
빽다방,문산시장점,경기도 파주시 문산읍 문산로 37,126.78329120383002,37.8574506804124,경기도,파주시,파주,빽다방,1
더본코리아_빽다방분당미금역,천사점,경기도 성남시 분당구 성남대로 165,127.108299453743,37.350756869622295,경기도,분당구,분당,빽다방,1
더본코리아_빽다방상현역,광교점,경기도 용인시 수지구 광교중앙로 310,127.069731159849,37.297665341683896,경기도,수지구,수지,빽다방,1
더본코리아_빽다방군포당정역,은하점,경기도 군포시 고산로 248,126.94485652964799,37.3462852108419,경기도,군포시,군포,빽다방,1
더본코리아_빽다방동탄,은행사거리점,경기도 화성시 동탄지성로 121,127.061867369068,37.2087463796896,경기도,화성시,화성,빽다방,1
빽다방평택로데오,,경기도 평택시 평택2로10번길 34,127.089386025067,36.9919717136766,경기도,평택시,평택,빽다방,1
빽다방,명학역점,경기도 안양시 만안구 안양로 110,126.933792675855,37.3848057829689,경기도,만안구,만안,빽다방,1
빽다방,고양원당중앙점,경기도 고양시 덕양구 호국로 809,126.837496419212,37.658029900064,경기도,덕양구,덕양,빽다방,1
빽다방,일산주엽역점,경기도 고양시 일산서구 강성로 121,126.76212591762699,37.670561897444,경기도,일산서구,일산서,빽다방,1
빽다방,수원인계CGV점,경기도 수원시 팔달구 효원로265번길 54,127.03193145846201,37.264445457667996,경기도,팔달구,팔달,빽다방,1
빽다방,용인구성역점,경기도 용인시 기흥구 용구대로 2398,127.10727124933901,37.300297288921,경기도,기흥구,기흥,빽다방,1
빽다방,평택팽성점,경기도 평택시 팽성읍 팽성송화로 219,127.063269900422,36.964256841414795,경기도,평택시,평택,빽다방,1
빽다방,용인역북남부점,경기도 용인시 처인구 명지로60번길 8-13,127.187325357634,37.2319038447691,경기도,처인구,처인,빽다방,1
빽다방,문산당동점,경기도 파주시 문산읍 방촌로 1725,126.78470662359301,37.8667544286019,경기도,파주시,파주,빽다방,1
빽다방,수원탑동점,경기도 수원시 권선구 탑동로3번길 13,126.97449678566299,37.2688818159778,경기도,권선구,권선,빽다방,1
빽다방,시흥배곧메가점,경기도 시흥시 서울대학로278번길 43-13,126.73017755529301,37.3692157936499,경기도,시흥시,시흥,빽다방,1
빽다방,김포통진마송점,경기도 김포시 통진읍 조강로 39,126.600752594394,37.689660728255795,경기도,김포시,김포,빽다방,1
빽다방,광교법조타운점,경기도 수원시 영통구 광교중앙로266번길 22,127.068360173494,37.2926805503353,경기도,영통구,영통,빽다방,1
빽다방,동탄중앙어울림점,경기도 화성시 동탄대로시범길 142,127.11337744013399,37.1999158120248,경기도,화성시,화성,빽다방,1
빽다방,양평로데오점,경기도 양평군 양평읍 양평시장길 14-3,127.49205277167201,37.490353420697,경기도,양평군,양평,빽다방,1
빽다방,화성향남로데오점,경기도 화성시 향남읍 상신하길로328번길 26,126.913511920411,37.1163416293247,경기도,화성시,화성,빽다방,1
빽다방,안산중앙역롯데점,경기도 안산시 단원구 고잔로 108,126.83802957941201,37.31855853779479,경기도,단원구,단원,빽다방,1
빽다방,수원못골시장점,경기도 수원시 팔달구 중부대로 42,127.021420806853,37.275136068438,경기도,팔달구,팔달,빽다방,1
빽다방,산성역점,경기도 성남시 수정구 수정로 346,127.149987144858,37.454399329865396,경기도,수정구,수정,빽다방,1
빽다방,부천원미사거리점,경기도 부천시 원미로 119,126.790931163783,37.4932958602677,경기도,부천시,부천,빽다방,1
빽다방,시흥세종프라자점,경기도 시흥시 함송로 24,126.73036911783001,37.3632078433559,경기도,시흥시,시흥,빽다방,1
빽다방,망월사역점,경기도 의정부시 평화로 196,127.048389813075,37.709431351065895,경기도,의정부시,의정부,빽다방,1
빽다방,시흥은행점,경기도 시흥시 은행로155번길 5,126.798904219852,37.4445046988807,경기도,시흥시,시흥,빽다방,1
빽다방,김포풍무역점,경기도 김포시 유현로238번길 31,126.73283267463002,37.611387775531504,경기도,김포시,김포,빽다방,1
빽다방,야당역점,경기도 파주시 소리천로8번길 24,126.760227718979,37.7130964497797,경기도,파주시,파주,빽다방,1
빽다방,옥길퀸즈파크점,경기도 부천시 옥길로 118,126.823036570623,37.4672826405447,경기도,부천시,부천,빽다방,1
빽다방,평택안중점,경기도 평택시 안중읍 안현로서8길 57,126.919343406189,36.9789570458192,경기도,평택시,평택,빽다방,1
빽다방,경기광주경안점,경기도 광주시 중앙로 110,127.258551896452,37.4096258000093,경기도,광주시,광주,빽다방,1
빽다방,산본사거리점,경기도 군포시 고산로 694-1,126.935604583924,37.3716575282452,경기도,군포시,군포,빽다방,1
빽다방,일산문화공원점,경기도 고양시 일산동구 중앙로1275번길 38-10,126.770927134288,37.6599409333231,경기도,일산동구,일산동,빽다방,1
빽다방,시흥능곡점,경기도 시흥시 승지로 58,126.810653316684,37.369016267281204,경기도,시흥시,시흥,빽다방,1
빽다방,통영시립도서관점,경상남도 통영시 무전3길 14,128.425046460807,34.8608811956154,경상남도,통영시,통영,빽다방,1
빽다방,창원상남시장점,경상남도 창원시 성산구 마디미로 39,128.683652072571,35.2210086536282,경상남도,성산구,성산,빽다방,1
빽다방,진주로데오점,경상남도 진주시 촉석로186번길 6,128.082379817777,35.1947860360301,경상남도,진주시,진주,빽다방,1
빽다방,창원시티세븐점,경상남도 창원시 의창구 창원천로94번길 19,128.6530455785,35.2398188564859,경상남도,의창구,의창,빽다방,1
빽다방,진주경상대1호점,경상남도 진주시 진주대로516번길 6-1,128.10611029504,35.1522285348872,경상남도,진주시,진주,빽다방,1
빽다방,김해내외동점,경상남도 김해시 내외중앙로 47,128.866292191974,35.2343250195127,경상남도,김해시,김해,빽다방,1
빽다방,창원경남대점,경상남도 창원시 마산합포구 해안대로 2,128.55921193062798,35.180235997897604,경상남도,마산합포구,마산합포,빽다방,1
빽다방양산터미널점,양산터미널점,경상남도 양산시 양산역4길 7,129.02841729310302,35.336110539732104,경상남도,양산시,양산,빽다방,1
빽다방,통영터미널점,경상남도 통영시 광도면 죽림4로 37-11,128.418451272712,34.8845678866471,경상남도,통영시,통영,빽다방,1
빽다방김해진영신도시점,김해진영신도시점,경상남도 김해시 진영읍 김해대로361번길 8,128.729815891181,35.3074993090333,경상남도,김해시,김해,빽다방,1
빽다방경남고성송학점,경남고성송학점,경상남도 고성군 고성읍 송학로 140,128.32460264942802,34.9775622011731,경상남도,고성군,고성(경남),빽다방,1
더본코리아_빽다방통영,시립도서관점,경상남도 통영시 무전3길 14,128.425046460807,34.8608811956154,경상남도,통영시,통영,빽다방,1
더본코리아_빽다방경남,고성송학점,경상남도 고성군 고성읍 송학로 140,128.324591768372,34.9775802595891,경상남도,고성군,고성(경남),빽다방,1
더본코리아_빽다방진주경상대,1호점,경상남도 진주시 진주대로516번길 6-1,128.10611029504,35.1522285348872,경상남도,진주시,진주,빽다방,1
빽다방,진주과기대점,경상남도 진주시 동진로 21,128.093475149387,35.179174057515304,경상남도,진주시,진주,빽다방,1
빽다방,경남거창중앙점,경상남도 거창군 거창읍 중앙로 123,127.91184144548201,35.686812100855,경상남도,거창군,거창,빽다방,1
빽다방,하양중앙점,경상북도 경산시 하양읍 하양로 76,128.816755715043,35.9115849613946,경상북도,경산시,경산,빽다방,1
빽다방,포항죽도시장점,경상북도 포항시 북구 중앙로 256-3,129.36528805232598,36.0359111401056,경상북도,북구,북,빽다방,1
빽다방,문화의거리점,경상북도 안동시 서동문로 184,128.73200266850202,36.56593189056579,경상북도,안동시,안동,빽다방,1
빽다방,경산영남대점,경상북도 경산시 대학로 283-2,128.753216906705,35.836803859654005,경상북도,경산시,경산,빽다방,1
빽다방,구미옥계삼구점,경상북도 구미시 옥계북로 27,128.420786514066,36.1386274363725,경상북도,구미시,구미,빽다방,1
빽다방,,경상북도 안동시 광명로 171-1,128.701565398971,36.5629606345863,경상북도,안동시,안동,빽다방,1
빽다방,울진후포점,경상북도 울진군 후포면 후포로 38-1,129.445786566419,36.6790660120971,경상북도,울진군,울진,빽다방,1
빽다방,경주분황사점,경상북도 경주시 알천남로 314,129.23187056491997,35.8425214568643,경상북도,경주시,경주,빽다방,1
빽다방,구미옥계삼구점,경상북도 구미시 옥계북로 33,128.42077073985598,36.1398352192286,경상북도,구미시,구미,빽다방,1
빽다방,경주로데오점,경상북도 경주시 계림로 101,129.213334348854,35.843557253144496,경상북도,경주시,경주,빽다방,1
빽다방경산하양중앙점,경산하양중앙점,경상북도 경산시 하양읍 하양로 74,128.816632740279,35.911477641507204,경상북도,경산시,경산,빽다방,1
빽다방구미상모점,구미상모점,경상북도 구미시 상사서로 77,128.35494083170602,36.0893234993968,경상북도,구미시,구미,빽다방,1
빽다방,포항영일대점,경상북도 포항시 북구 삼호로 237,129.37831667109398,36.0595725575721,경상북도,북구,북,빽다방,1
빽다방,예천신도시점,경상북도 예천군 호명면 새움3로 26,128.48965577867799,36.5764470501342,경상북도,예천군,예천,빽다방,1
빽다방,구미인동점,경상북도 구미시 인동중앙로 8,128.420402919438,36.1062814249427,경상북도,구미시,구미,빽다방,1
빽다방,구미형곡점,경상북도 구미시 신시로 59,128.338819926099,36.1132455296596,경상북도,구미시,구미,빽다방,1
빽다방,구미확장단지점,경상북도 구미시 산동면 신당1로2길 13,128.431722490191,36.155289378256604,경상북도,구미시,구미,빽다방,1
빽다방,포항문덕점,경상북도 포항시 남구 오천읍 원동로 24,129.403280534244,35.9651672799815,경상북도,남구,남,빽다방,1
빽다방,영주가흥동점,경상북도 영주시 대동로34번길 2,128.605931279416,36.8148562703958,경상북도,영주시,영주,빽다방,1
빽다방,광주첨단로데오점,광주광역시 광산구 첨단중앙로106번길 11,126.84367742458599,35.214992048903206,광주광역시,광산구,광주 광산,빽다방,1
빽다방,광주충장로점1호점,광주광역시 동구 중앙로160번길 15-6,126.915110370877,35.1474994334624,광주광역시,동구,광주 동구,빽다방,1
빽다방,전남대후문점,광주광역시 북구 우치로90번길 16,126.91353208625601,35.1754103225278,광주광역시,북구,광주 북구,빽다방,1
빽다방전남대후문,,광주광역시 북구 우치로90번길 16,126.91353208625601,35.1754103225278,광주광역시,북구,광주 북구,빽다방,1
빽다방광주첨단점,광주첨단점,광주광역시 광산구 첨단중앙로152번길 31-9,126.843739933218,35.219878090966795,광주광역시,광산구,광주 광산,빽다방,1
빽다방광주충장로2호점,광주충장로2호점,광주광역시 동구 금남로 246,126.918430335784,35.147898684124996,50956,광주광역시,광주광역,빽다방,1
빽다방광주구시청점,광주구시청점,광주광역시 동구 백서로125번길 45,126.916804199862,35.1455585680059,광주광역시,동구,광주 동구,빽다방,1
빽다방,광주상무메가점,광주광역시 서구 시청로60번길 21-6,126.85442685324301,35.1542060577564,광주광역시,서구,광주 서구,빽다방,1
신쭈꾸미빽다방,,광주광역시 동구 백서로125번길 45,126.916804199862,35.1455585680059,광주광역시,동구,광주 동구,빽다방,1
빽다방,,광주광역시 서구 죽봉대로 95,126.883142321581,35.16192863387,광주광역시,서구,광주 서구,빽다방,1
빽다방,봉선쌍용점,광주광역시 남구 봉선로 172,126.913911806849,35.1228896860916,광주광역시,남구,광주 남구,빽다방,1
빽다방,대구월성원더풀점,대구광역시 달서구 조암로 48,128.524339185145,35.8243922111985,대구광역시,달서구,대구 달서,빽다방,1
빽다방,대구대실역점,대구광역시 달성군 다사읍 대실역북로1길 9,128.46572733922,35.858631840989496,대구광역시,달성군,대구 달성,빽다방,1
빽다방,대구두류우체국점,대구광역시 달서구 달구벌대로344길 34,128.552618060406,35.854982810936,대구광역시,달서구,대구 달서,빽다방,1
빽다방,대구칠곡점,대구광역시 북구 칠곡중앙대로 638,128.55418017213302,35.9520657004991,대구광역시,북구,대구 북구,빽다방,1
빽다방,신매협화점,대구광역시 수성구 신매로 91,128.70696602933998,35.837499431569704,대구광역시,수성구,대구 수성,빽다방,1
빽다방,대구칠곡타운점,대구광역시 북구 학정로 439,128.56334528422198,35.9439382670582,50956,광주광역시,광주광역,빽다방,1
빽다방,대구성서롯데점,대구광역시 달서구 성서로 414,128.507785745972,35.8544415394555,대구광역시,달서구,대구 달서,빽다방,1
빽다방,대구율하광장점,대구광역시 동구 안심로22길 40,128.695680621383,35.8634241363693,대구광역시,동구,대구 동구,빽다방,1
빽다방,대구반월당지하점,대구광역시 중구 달구벌대로 2100,128.593354331461,35.864432724458,대구광역시,중구,대구 중구,빽다방,1
빽다방대구보건대점,대구보건대점,대구광역시 북구 칠곡중앙대로69길 26,128.544486490877,35.9270535341583,대구광역시,북구,대구 북구,빽다방,1
빽다방,대구반월당현대점,대구광역시 중구 달구벌대로 2081-22,128.591369298118,35.867011281225096,대구광역시,중구,대구 중구,빽다방,1
빽다방대구경대병원점,대구경대병원점,대구광역시 중구 동덕로26길 18,128.6042464101,35.8654149606098,대구광역시,중구,대구 중구,빽다방,1
빽다방대구다사세천점,대구다사세천점,대구광역시 달성군 다사읍 세천로 160,128.480260690559,35.874428988716005,대구광역시,달성군,대구 달성,빽다방,1
빽다방대구신월성점,대구신월성점,대구광역시 달서구 조암로 29,128.526830456195,35.8245615847164,대구광역시,달서구,대구 달서,빽다방,1
빽다방대구혁신,,대구광역시 동구 첨단로8길 10,128.731386364404,35.8787056748269,대구광역시,동구,대구 동구,빽다방,1
빽다방,서부정류장역점,대구광역시 달서구 구마로 264,128.55677907682198,35.837288570660604,대구광역시,달서구,대구 달서,빽다방,1
빽다방,만촌점,대구광역시 수성구 교학로 58,128.65180081043601,35.8500422242449,대구광역시,수성구,대구 수성,빽다방,1
빽다방,대구대실역점,대구광역시 달성군 다사읍 달구벌대로 866,128.464086074247,35.858187526381705,대구광역시,달성군,대구 달성,빽다방,1
빽다방,대전둔산향촌점,대전광역시 서구 둔산로 14,127.37538491873501,36.3521757723818,대전광역시,서구,대전 서구,빽다방,1
빽다방,대전은행점,대전광역시 중구 중앙로156번길 24,127.42733707567601,36.3279399841029,대전광역시,중구,대전 중구,빽다방,1
빽다방,대전터미널서관점,대전광역시 동구 동서대로 1689,127.43669956546302,36.3502454253977,대전광역시,동구,대전 동구,빽다방,1
빽다방,대전시청역점,대전광역시 서구 둔산중로 40,127.387254130729,36.3503085496506,대전광역시,서구,대전 서구,빽다방,1
빽다방,대전관평중점,대전광역시 유성구 테크노4로 115,127.38915921358802,36.4244185526288,대전광역시,유성구,대전 유성,빽다방,1
빽다방,대전한남대점,대전광역시 대덕구 한남로 27,127.42508486368,36.3509922260651,대전광역시,대덕구,대전 대덕,빽다방,1
빽다방,대전송촌공원점,대전광역시 대덕구 송촌북로16번길 58,127.439646568262,36.3649947263207,대전광역시,대덕구,대전 대덕,빽다방,1
빽다방가오CGV점,가오CGV점,대전광역시 동구 은어송로 59,127.455799210476,36.306496854017404,대전광역시,동구,대전 동구,빽다방,1
빽다방,대전둔산중앙점,대전광역시 서구 대덕대로185번길 22,127.376357496638,36.350369342758896,대전광역시,서구,대전 서구,빽다방,1
빽다방,대전배재대점,대전광역시 서구 배재로 160,127.37045280133002,36.322660985430396,대전광역시,서구,대전 서구,빽다방,1
빽다방,충남대후문점,대전광역시 유성구 궁동로18번길 37,127.34941412244899,36.3628791926385,대전광역시,유성구,대전 유성,빽다방,1
빽다방,대전법원점,대전광역시 서구 둔산로137번길 27,127.389007916073,36.3525706518097,대전광역시,서구,대전 서구,빽다방,1
빽다방대전우송대점,대전우송대점,대전광역시 동구 동대전로 169,127.44738818236401,36.337046911539296,대전광역시,동구,대전 동구,빽다방,1
빽다방서대전홈플러스점,서대전홈플러스점,대전광역시 중구 계백로1686번길 16,127.406805520845,36.3196564693977,대전광역시,중구,대전 중구,빽다방,1
빽다방대전관저중앙점,대전관저중앙점,대전광역시 서구 관저로 157,127.33977712701099,36.2993062681105,대전광역시,서구,대전 서구,빽다방,1
빽다방,대전중앙로지하점,대전광역시 중구 중앙로 145,127.424883932736,36.3283157455132,대전광역시,중구,대전 중구,빽다방,1
빽다방,대전탄방로데오점,대전광역시 서구 둔산중로14번길 36,127.388857185121,36.34762202293,대전광역시,서구,대전 서구,빽다방,1
빽다방대전역점대전역점,대전역점,대전광역시 동구 대전로815번길 3,127.43180595888398,36.3321972057211,대전광역시,동구,대전 동구,빽다방,1
빽다방,대전선병원점,대전광역시 중구 목중로 18,127.41178439735701,36.3358675883064,대전광역시,중구,대전 중구,빽다방,1
빽다방충남대병원점,충남대병원점,대전광역시 중구 계룡로920번길 36,127.415153963701,36.3187332617667,대전광역시,중구,대전 중구,빽다방,1
빽다방,전민중앙점,대전광역시 유성구 유성대로 1740,127.40252140153,36.3993685856352,대전광역시,유성구,대전 유성,빽다방,1
빽다방,서대전샘물타운점,대전광역시 유성구 원내로 38,127.319833098575,36.2996631299199,대전광역시,유성구,대전 유성,빽다방,1
빽다방대전가수원중앙점,대전가수원중앙점,대전광역시 서구 계백로 1135,127.34950748696501,36.3047581145972,대전광역시,서구,대전 서구,빽다방,1
빽다방,대전유천버드내점,대전광역시 중구 태평로 22-1,127.392389458464,36.3188540485425,대전광역시,중구,대전 중구,빽다방,1
빽다방,서대전홈플러스점,대전광역시 중구 계백로 1690,127.407702803638,36.320291796817706,대전광역시,중구,대전 중구,빽다방,1
빽다방,탑립테크노점,대전광역시 유성구 테크노10로 31,127.41074171993,36.4165510384788,대전광역시,유성구,대전 유성,빽다방,1
빽다방,죽동점,대전광역시 유성구 죽동로 295,127.338091271824,36.369639422287705,대전광역시,유성구,대전 유성,빽다방,1
빽다방,대전월평역점,대전광역시 서구 월평중로 20,127.36419829712099,36.35635263948429,대전광역시,서구,대전 서구,빽다방,1
빽다방,대전정부청사점,대전광역시 서구 둔산중로134번길 29,127.388723573868,36.3590131232589,대전광역시,서구,대전 서구,빽다방,1
빽다방,부산중앙사거리점,부산광역시 중구 중앙대로81번길 8,129.03531326137102,35.1050986955423,부산광역시,중구,부산 중구,빽다방,1
빽다방,반여대림점,부산광역시 해운대구 선수촌로 95,129.117250138915,35.2006664588786,부산광역시,해운대구,부산 해운대,빽다방,1
빽다방,부산광복로점,부산광역시 중구 남포길 25-6,129.031692023169,35.0988828433885,부산광역시,중구,부산 중구,빽다방,1
빽다방,부산대점,부산광역시 금정구 부산대학로64번길 34,129.084856994117,35.233041164266794,부산광역시,금정구,부산 금정,빽다방,1
역전우동&빽다방,부산대역점,부산광역시 금정구 장전온천천로 51,129.088897622113,35.2295886565065,부산광역시,금정구,부산 금정,빽다방,1
빽다방,부산경성대점,부산광역시 남구 수영로298번길 9,129.099177259531,35.136427788736896,부산광역시,남구,부산 남구,빽다방,1
홍콩반점&빽다방Ⅰ,부산구남역점,부산광역시 북구 백양대로 1038,128.996134957382,35.1980366921032,부산광역시,북구,부산 북구,빽다방,1
빽다방,,부산광역시 부산진구 중앙대로680번가길 9,129.06074567789,35.1538516943062,부산광역시,부산진구,부산 부산진,빽다방,1
빽다방,서면롯데점,부산광역시 부산진구 서면로 63-1,129.05762913414,35.1564298810684,부산광역시,부산진구,부산 부산진,빽다방,1
빽다방,부산구남역점,부산광역시 북구 백양대로 1038,128.996134957382,35.1980366921032,부산광역시,북구,부산 북구,빽다방,1
빽다방,서면영광도서점,부산광역시 부산진구 서면문화로 11-2,129.057196894265,35.158651079039004,부산광역시,부산진구,부산 부산진,빽다방,1
빽다방부산대역점,부산대역점,부산광역시 금정구 장전온천천로 51,129.088897622113,35.2295886565065,부산광역시,금정구,부산 금정,빽다방,1
빽다방,부산사직시장점,부산광역시 동래구 사직북로 26,129.060443230468,35.198184676393105,부산광역시,동래구,부산 동래,빽다방,1
빽다방남포광장점,남포광장점,부산광역시 중구 비프광장로 13-1,129.026830457615,35.0986627073677,부산광역시,중구,부산 중구,빽다방,1
빽다방부산장림점,부산장림점,부산광역시 사하구 장림번영로103번길 5,128.976363409367,35.0808891644535,부산광역시,사하구,부산 사하,빽다방,1
홍콩반점앤빽다방,부산구남역점,부산광역시 북구 백양대로 1038,128.996134957382,35.1980366921032,부산광역시,북구,부산 북구,빽다방,1
빽다방,부산재송점,부산광역시 해운대구 재반로 86,129.12575017235,35.186363951085205,부산광역시,해운대구,부산 해운대,빽다방,1
빽다방커피,,서울특별시 서초구 서초중앙로22길 25,127.01544686795799,37.4934611599069,서울특별시,서초구,서울 서초,빽다방,1
빽다방둔촌동역점,둔촌동역점,서울특별시 강동구 양재대로 1339,127.13498881066201,37.5259430693418,서울특별시,강동구,서울 강동,빽다방,1
빽다방,명동중앙우체국점,서울특별시 중구 남대문로 58-1,126.981850842876,37.56242188892,서울특별시,중구,서울 중구,빽다방,1
빽다방명일역점,명일역점,서울특별시 강동구 구천면로 418,127.145015066217,37.5505068029229,서울특별시,강동구,서울 강동,빽다방,1
빽다방,구로로제리움점,서울특별시 구로구 가마산로26길 5,126.89098050282499,37.496079587908,서울특별시,구로구,서울 구로,빽다방,1
빽다방,우장산역점,서울특별시 강서구 강서로 245,126.83598907708999,37.547558375193404,서울특별시,강서구,서울 강서,빽다방,1
빽다방성신여대점,성신여대점,서울특별시 성북구 동소문로20나길 3,127.016766340116,37.5919656787661,서울특별시,성북구,서울 성북,빽다방,1
빽다방신림역1호점,신림역1호점,서울특별시 관악구 남부순환로 1592,126.927572287783,37.4836856261236,서울특별시,관악구,서울 관악,빽다방,1
빽다방,강북구청점,서울특별시 강북구 도봉로87길 48,127.02325996308399,37.639188898570204,서울특별시,강북구,서울 강북,빽다방,1
빽다방,신용산역점,서울특별시 용산구 새창로 213,126.967248983334,37.5304611874171,서울특별시,용산구,서울 용산,빽다방,1
빽다방,신촌역점,서울특별시 서대문구 연세로2길 6,126.937132290814,37.5558646553565,서울특별시,서대문구,서울 서대문,빽다방,1
빽다방서초우성점,서초우성점,서울특별시 서초구 사임당로 181,127.029305512251,37.493026201836706,서울특별시,서초구,서울 서초,빽다방,1
빽다방,원효용문시장점,서울특별시 용산구 새창로 132,126.96122513212299,37.535697489537704,서울특별시,용산구,서울 용산,빽다방,1
빽다방PAIKSCOFFEE,,서울특별시 마포구 마포대로4길 16,126.946484041253,37.5387565919428,서울특별시,마포구,서울 마포,빽다방,1
빽다방,,서울특별시 용산구 한강대로 401,126.97231088870001,37.5540406316575,서울특별시,용산구,서울 용산,빽다방,1
빽다방강동역헤르셔점,강동역헤르셔점,서울특별시 강동구 천호대로 1089,127.133078371911,37.5365615358794,서울특별시,강동구,서울 강동,빽다방,1
빽다방,아차산점,서울특별시 광진구 천호대로129길 17,127.090595663141,37.5528574310588,서울특별시,광진구,서울 광진,빽다방,1
빽다방,수서역점,서울특별시 강남구 밤고개로1길 10,127.101842066177,37.488013362892396,서울특별시,강남구,서울 강남,빽다방,1
빽다방,건대로데오점,서울특별시 광진구 아차산로 220,127.06763752098499,37.5406223162116,서울특별시,광진구,서울 광진,빽다방,1
스시마이우강남역빽다방,,서울특별시 서초구 서초대로73길 7,127.025258710394,37.4981198862454,서울특별시,서초구,서울 서초,빽다방,1
빽다방,응암역이마트점,서울특별시 은평구 은평로 101,126.91906488865,37.5999955215884,서울특별시,은평구,서울 은평,빽다방,1
빽다방,가락시장역점,서울특별시 송파구 송파대로28길 27,127.120080194832,37.494881541292294,서울특별시,송파구,서울 송파,빽다방,1
빽다방,불광역점,서울특별시 은평구 통일로 738,126.929387929191,37.6114065814111,서울특별시,은평구,서울 은평,빽다방,1
빽다방,은평초교점,서울특별시 은평구 은평로 235,126.933906059207,37.601166707849394,서울특별시,은평구,서울 은평,빽다방,1
빽다방,잠실역지하도점,서울특별시 송파구 올림픽로 265,127.10057443601102,37.513566782124,서울특별시,송파구,서울 송파,빽다방,1
빽다방,,서울특별시 노원구 노해로 482,127.061696492649,37.654268819238,서울특별시,노원구,서울 노원,빽다방,1
빽다방,영등포신세계점,서울특별시 영등포구 영중로 5,126.906159758204,37.5168190043624,서울특별시,영등포구,서울 영등포,빽다방,1
빽다방,대치동학원가점,서울특별시 강남구 도곡로77길 8,127.058634041631,37.4988951550687,서울특별시,강남구,서울 강남,빽다방,1
빽다방압구정로데오점,압구정로데오점,서울특별시 강남구 선릉로161길 25,127.038363739911,37.5274034130564,서울특별시,강남구,서울 강남,빽다방,1
빽다방강남소망점,강남소망점,서울특별시 강남구 언주로159길 3,127.032623411179,37.5242298839832,서울특별시,강남구,서울 강남,빽다방,1
빽다방,광희동사거리점,서울특별시 중구 마른내로 159-1,127.00585005469,37.5647528820446,서울특별시,중구,서울 중구,빽다방,1
PAIKSCOFFEE,,서울특별시 송파구 올림픽로35길 104,127.099289046588,37.5198103241711,서울특별시,송파구,서울 송파,빽다방,1
빽다방,,서울특별시 강남구 봉은사로 524,127.057100286394,37.5129393969289,서울특별시,강남구,서울 강남,빽다방,1
빽다방방화사거리점,방화사거리점,서울특별시 강서구 금낭화로 91-2,126.811063028353,37.573638084054,서울특별시,강서구,서울 강서,빽다방,1
빽다방,반포고투몰2호점,서울특별시 서초구 신반포로 194,127.00681633008001,37.5064271601893,서울특별시,서초구,서울 서초,빽다방,1
빽다방,,서울특별시 강동구 천호옛길 94,127.12603588823099,37.536942133081006,서울특별시,강동구,서울 강동,빽다방,1
빽다방,잠실신천점,서울특별시 송파구 백제고분로7길 45,127.083922003993,37.5109248548268,서울특별시,송파구,서울 송파,빽다방,1
빽다방중앙대병원점,중앙대병원점,서울특별시 동작구 흑석로 93,126.959796109016,37.5074190727333,서울특별시,동작구,서울 동작,빽다방,1
역전우동&빽다방,동대문역점,서울특별시 종로구 종로 300-1,127.011227014076,37.5715828962124,서울특별시,종로구,서울 종로,빽다방,1
빽다방중계은행사거리점,중계은행사거리점,서울특별시 노원구 한글비석로 235,127.07632724025801,37.648788857427895,서울특별시,노원구,서울 노원,빽다방,1
빽다방,성수역롯데캐슬점,서울특별시 성동구 성수이로 113,127.057113642168,37.5451341119425,서울특별시,성동구,서울 성동,빽다방,1
빽다방,잠실장미상가점,서울특별시 송파구 올림픽로35길 104,127.09845837849,37.5164520546919,서울특별시,송파구,서울 송파,빽다방,1
홍콩반점&빽다방,어린이대공원역점,서울특별시 광진구 광나루로 381-1,127.072308882533,37.548092780392295,서울특별시,광진구,서울 광진,빽다방,1
빽다방,강남역지하도점,서울특별시 강남구 강남대로 396,127.02828915989099,37.4981538632695,서울특별시,강남구,서울 강남,빽다방,1
빽다방,서여의도점,서울특별시 영등포구 국회대로68길 11,126.91965710173001,37.5292244602697,서울특별시,영등포구,서울 영등포,빽다방,1
빽다방,홍대입구점,서울특별시 마포구 와우산로23길 44,126.923679579396,37.5547786713844,서울특별시,마포구,서울 마포,빽다방,1
빽다방논현본점,논현본점,서울특별시 강남구 봉은사로1길 35,127.024034656323,37.5070121958227,서울특별시,강남구,서울 강남,빽다방,1
빽다방,구로삼성IT점,서울특별시 구로구 디지털로33길 27,126.894656689343,37.4860493561836,서울특별시,구로구,서울 구로,빽다방,1
빽다방,대학로CGV점,서울특별시 종로구 대학로 143,127.00129137588002,37.5840237347298,서울특별시,종로구,서울 종로,빽다방,1
빽다방공덕새창로점,공덕새창로점,서울특별시 마포구 새창로 15-1,126.95182155306601,37.542228055760496,서울특별시,마포구,서울 마포,빽다방,1
빽다방-목동사거리점,목동사거리점,서울특별시 강서구 곰달래로 272,126.863156203089,37.5321720709016,서울특별시,강서구,서울 강서,빽다방,1
빽다방,등촌성당점,서울특별시 강서구 공항대로41길 51,126.845763651157,37.5602237439063,서울특별시,강서구,서울 강서,빽다방,1
빽다방,역삼GS점,서울특별시 강남구 봉은사로30길 73,127.037105519249,37.5029385751086,서울특별시,강남구,서울 강남,빽다방,1
빽다방,,서울특별시 종로구 종로 300,127.01109142283,37.571563739584604,서울특별시,종로구,서울 종로,빽다방,1
빽다방,남대문시장점,서울특별시 중구 퇴계로 37,126.97631380603599,37.558436453144395,서울특별시,중구,서울 중구,빽다방,1
빽다방,반포고투몰점,서울특별시 서초구 신반포로 176,127.00239321346001,37.5039300142165,서울특별시,서초구,서울 서초,빽다방,1
빽다방종암사거리점,종암사거리점,서울특별시 성북구 종암로 132,127.03349841647801,37.6019072022586,서울특별시,성북구,서울 성북,빽다방,1
빽다방서울과기대점,서울과기대점,서울특별시 노원구 공릉로 217,127.077097252402,37.6286837276645,서울특별시,노원구,서울 노원,빽다방,1
빽다방을지로입구역점,을지로입구역점,서울특별시 중구 남대문로9길 10,126.981870598664,37.566792112985894,서울특별시,중구,서울 중구,빽다방,1
빽다방한양대점,한양대점,서울특별시 성동구 마조로 21,127.040809885254,37.5598971216855,서울특별시,성동구,서울 성동,빽다방,1
빽다방천호역로데오점,천호역로데오점,서울특별시 강동구 올림픽로70길 57,127.12675657259899,37.5391820827379,서울특별시,강동구,서울 강동,빽다방,1
빽다방반포고투몰2호점,반포고투몰2호점,서울특별시 서초구 신반포로 200,127.005032097372,37.5062139130796,서울특별시,서초구,서울 서초,빽다방,1
빽다방중랑역동부시장점,중랑역동부시장점,서울특별시 중랑구 망우로32길 14,127.07641420398399,37.5932314069636,서울특별시,중랑구,서울 중랑,빽다방,1
빽다방종로관철점,종로관철점,서울특별시 종로구 종로10길 21,126.984523560147,37.5689864732841,서울특별시,종로구,서울 종로,빽다방,1
빽다방역삼테헤란로점,역삼테헤란로점,서울특별시 강남구 테헤란로10길 25,127.03300134683501,37.497570802009,서울특별시,강남구,서울 강남,빽다방,1
빽다방월계광운대점,월계광운대점,서울특별시 노원구 광운로 43,127.05899530589899,37.621341452470006,서울특별시,노원구,서울 노원,빽다방,1
빽다방,거여역점,서울특별시 송파구 오금로 515,127.14614424102,37.4931535340143,서울특별시,송파구,서울 송파,빽다방,1
빽다방,길음역점,서울특별시 성북구 동소문로 248,127.023587192844,37.6029158766342,서울특별시,성북구,서울 성북,빽다방,1
빽다방청담영동고점,청담영동고점,서울특별시 강남구 선릉로 720,127.040846418513,37.5190618367999,서울특별시,강남구,서울 강남,빽다방,1
빽다방강남스시마이우점,강남스시마이우점,서울특별시 서초구 서초대로73길 7,127.025258710394,37.4981198862454,서울특별시,서초구,서울 서초,빽다방,1
빽다방동대문역점,동대문역점,서울특별시 종로구 종로 300-1,127.011227014076,37.5715828962124,서울특별시,종로구,서울 종로,빽다방,1
빽다방노량진학원점,노량진학원점,서울특별시 동작구 만양로 94-2,126.94441923805901,37.5118419568225,서울특별시,동작구,서울 동작,빽다방,1
빽다방,안암역점,서울특별시 성북구 인촌로 99-7,127.030139677648,37.5867061183319,서울특별시,성북구,서울 성북,빽다방,1
빽다방,월곡역점,서울특별시 성북구 화랑로 91,127.04209169141501,37.602977418173,서울특별시,성북구,서울 성북,빽다방,1
빽다방,잠실장미상가점,서울특별시 송파구 올림픽로35길 104,127.099289046588,37.5198103241711,서울특별시,송파구,서울 송파,빽다방,1
빽다방이대정문점,이대정문점,서울특별시 서대문구 이화여대길 55,126.94539441896299,37.5590743650436,서울특별시,서대문구,서울 서대문,빽다방,1
명지대빽다방,,서울특별시 서대문구 거북골로 19,126.925247994337,37.580319346900296,서울특별시,서대문구,서울 서대문,빽다방,1
빽다방구로시장점,구로시장점,서울특별시 구로구 구로동로26길 125,126.891038366903,37.48987192608521,서울특별시,구로구,서울 구로,빽다방,1
빽다방신림역2호점,신림역2호점,서울특별시 관악구 신림로 322,126.930081480452,37.4829605044237,서울특별시,관악구,서울 관악,빽다방,1
빽다방태평로점,태평로점,서울특별시 중구 세종대로 82,126.977061007622,37.5633896511335,서울특별시,중구,서울 중구,빽다방,1
빽다방,영등포구청점,서울특별시 영등포구 당산로 113,126.896109201378,37.5248709142724,서울특별시,영등포구,서울 영등포,빽다방,1
빽다방,당산역점,서울특별시 영등포구 양평로 28-1,126.90321217103998,37.533487975697795,서울특별시,영등포구,서울 영등포,빽다방,1
빽다방,천왕역점,서울특별시 구로구 오리로 1149,126.838236121943,37.4865892531971,서울특별시,구로구,서울 구로,빽다방,1
빽다방,신대방삼거리점,서울특별시 동작구 국사봉1길 28,126.93006935390699,37.4988729214505,서울특별시,동작구,서울 동작,빽다방,1
빽다방,까치산역점,서울특별시 강서구 강서로 48,126.846716251306,37.5321928669701,서울특별시,강서구,서울 강서,빽다방,1
빽다방구로디지털역점,구로디지털역점,서울특별시 구로구 디지털로32길 79,126.89973646898999,37.483546809370104,서울특별시,구로구,서울 구로,빽다방,1
빽다방청량리역점,청량리역점,서울특별시 동대문구 왕산로 209,127.045849552914,37.5809683626288,서울특별시,동대문구,서울 동대문,빽다방,1
빽다방망원시장점,망원시장점,서울특별시 마포구 월드컵로13길 34,126.908240834692,37.5556460815286,서울특별시,마포구,서울 마포,빽다방,1
빽다방,방이역코오롱점,서울특별시 송파구 마천로 25,127.12388804167,37.5096782306582,서울특별시,송파구,서울 송파,빽다방,1
빽다방,,서울특별시 강남구 강남대로 358,127.029776927322,37.4950484396584,서울특별시,강남구,서울 강남,빽다방,1
빽다방신사역점,신사역점,서울특별시 강남구 도산대로11길 34,127.02252293427799,37.51972255750321,서울특별시,강남구,서울 강남,빽다방,1
빽다방이태원점,이태원점,서울특별시 용산구 보광로59길 37,126.991857526383,37.5338004632857,서울특별시,용산구,서울 용산,빽다방,1
빽다방,신설동역1호점,서울특별시 동대문구 왕산로 20,127.02578195326099,37.576164074924,서울특별시,동대문구,서울 동대문,빽다방,1
빽다방,약수역점,서울특별시 중구 다산로 131,127.010814506672,37.555694030957106,서울특별시,중구,서울 중구,빽다방,1
빽다방,마곡나루역북부점,서울특별시 강서구 마곡중앙5로1길 20,126.826526036349,37.5686389298063,서울특별시,강서구,서울 강서,빽다방,1
빽다방사가정역점,사가정역점,서울특별시 중랑구 면목로 330-1,127.088696315639,37.5814961435024,서울특별시,중랑구,서울 중랑,빽다방,1
빽다방노원역북부점,노원역북부점,서울특별시 노원구 상계로3길 21,127.062260255401,37.657201662507205,서울특별시,노원구,서울 노원,빽다방,1
빽다방,구파발역미켈란점,서울특별시 은평구 진관2로 15-8,126.91953814596201,37.635383282398,서울특별시,은평구,서울 은평,빽다방,1
빽다방명동중앙우체,,서울특별시 중구 남대문로 58-1,126.981850842876,37.56242188892,서울특별시,중구,서울 중구,빽다방,1
더본코리아_빽다방등촌,성당점,서울특별시 강서구 공항대로41길 51,126.845763651157,37.5602237439063,서울특별시,강서구,서울 강서,빽다방,1
빽다방잠실장미상가,,서울특별시 송파구 올림픽로35길 104,127.099289046588,37.5198103241711,서울특별시,송파구,서울 송파,빽다방,1
빽다방,발산역플레이스점,서울특별시 강서구 강서로 395,126.83859760462299,37.5610454865774,서울특별시,강서구,서울 강서,빽다방,1
빽다방,신대방역점,서울특별시 관악구 난곡로 363,126.91344555382,37.486322768667705,서울특별시,관악구,서울 관악,빽다방,1
빽다방,명지대,서울특별시 서대문구 거북골로 19,126.925247994337,37.580319346900296,서울특별시,서대문구,서울 서대문,빽다방,1
빽다방,문정법조현대점,서울특별시 송파구 법원로11길 11,127.11842366968,37.484759270549,서울특별시,송파구,서울 송파,빽다방,1
빽다방,KBS본관점,서울특별시 영등포구 의사당대로 38,126.9181941976,37.5255438243293,서울특별시,영등포구,서울 영등포,빽다방,1
빽다방,낙성대역점,서울특별시 관악구 남부순환로 1919,126.96260534975201,37.4776820540345,서울특별시,관악구,서울 관악,빽다방,1
빽다방,구산역점,서울특별시 은평구 연서로 129,126.91667070816901,37.6104705810904,서울특별시,은평구,서울 은평,빽다방,1
빽다방,답십리사거리점,서울특별시 동대문구 전농로 97-1,127.057263389816,37.5736714989872,서울특별시,동대문구,서울 동대문,빽다방,1
빽다방,월곡래미안점,서울특별시 성북구 오패산로 98,127.035636704643,37.6108449857009,서울특별시,성북구,서울 성북,빽다방,1
빽다방,가산두산위브점,서울특별시 금천구 가산로 99,126.89127506808398,37.476151198660204,서울특별시,금천구,서울 금천,빽다방,1
빽다방,보라매타운점,서울특별시 동작구 보라매로5가길 7,126.925046471501,37.4918802399792,서울특별시,동작구,서울 동작,빽다방,1
빽다방,연신내사거리점,서울특별시 은평구 통일로 840,126.92208362956,37.6183861420359,서울특별시,은평구,서울 은평,빽다방,1
빽다방,마포경찰서점,서울특별시 마포구 마포대로 179,126.95479770179199,37.550327779728896,서울특별시,마포구,서울 마포,빽다방,1
빽다방,돈암아리랑점,서울특별시 성북구 아리랑로 75,127.013607161171,37.5988232621773,서울특별시,성북구,서울 성북,빽다방,1
빽다방,암사역점,서울특별시 강동구 올림픽로 770,127.12764022103599,37.5497760081089,서울특별시,강동구,서울 강동,빽다방,1
빽다방,개봉역점,서울특별시 구로구 남부순환로97길 3,126.858239399898,37.4939836068628,서울특별시,구로구,서울 구로,빽다방,1
빽다방,강변역점,서울특별시 광진구 강변역로4길 10,127.093388186348,37.5353444204635,서울특별시,광진구,서울 광진,빽다방,1
빽다방,,세종특별자치시 세종특별자치시 한누리대로 422,127.261656116672,36.5013928529905,세종특별자치시,세종특별자치시,세종,빽다방,1
빽다방,세종새롬중앙점,세종특별자치시 세종특별자치시 새롬중앙로 47,127.250785155667,36.485003986547106,세종특별자치시,세종특별자치시,세종,빽다방,1
빽다방,울산일산점,울산광역시 동구 일산진11길 23,129.430313099236,35.497504476106,울산광역시,동구,울산 동구,빽다방,1
빽다방,울산공업탑점,울산광역시 남구 두왕로 324,129.308313332947,35.5312643718311,울산광역시,남구,울산 남구,빽다방,1
빽다방,울산삼산점,울산광역시 남구 삼산로277번길 8,129.337448773431,35.5401651507616,울산광역시,남구,울산 남구,빽다방,1
빽다방,울산대점,울산광역시 남구 대학로76번길 7-11,129.260100986071,35.5421699416044,울산광역시,남구,울산 남구,빽다방,1
빽다방,울산성남점,울산광역시 중구 젊음의거리 49,129.319458991445,35.5540451939466,울산광역시,중구,울산 중구,빽다방,1
빽다방,울산삼산현대점,울산광역시 남구 삼산로 277,129.337451270759,35.5396513781776,울산광역시,남구,울산 남구,빽다방,1
빽다방,울산상안중앙점,울산광역시 북구 아진로 41-12,129.34413580220502,35.629553796813504,울산광역시,북구,울산 북구,빽다방,1
더본코리아_빽다방울산,범서구영점,울산광역시 울주군 범서읍 구영로 94,129.24130614963698,35.5741272336001,울산광역시,울주군,울산 울주,빽다방,1
빽다방,울산달동1호점,울산광역시 남구 신정로17번길 6,129.322101426409,35.5336106311806,울산광역시,남구,울산 남구,빽다방,1
빽다방,인천차이나타운점,인천광역시 중구 차이나타운로 24-2,126.618971342011,37.477084393015794,인천광역시,중구,인천 중구,빽다방,1
빽다방,구월로데오점,인천광역시 남동구 성말로 9,126.70168263528,37.4457923076041,인천광역시,남동구,인천 남동,빽다방,1
빽다방,인천신포시장점,인천광역시 중구 개항로 32,126.62609012745399,37.4717342143018,인천광역시,중구,인천 중구,빽다방,1
빽다방,구월아시아점,인천광역시 남동구 인하로 607,126.714374275956,37.443119818842,인천광역시,남동구,인천 남동,빽다방,1
빽다방인천신기시장점,인천신기시장점,"인천광역시 미추홀구 인하로 259, (주안동)",126.67692175419901,37.44837396727571,인천광역시,미추홀구,인천 미추홀,빽다방,1
빽다방,인천모래내시장점,인천광역시 남동구 구월로 268,126.72028664348998,37.4556002832875,인천광역시,남동구,인천 남동,빽다방,1
빽다방,송도월드마크점,인천광역시 연수구 컨벤시아대로 116,126.64670715354099,37.3934651703112,인천광역시,연수구,인천 연수,빽다방,1
빽다방송도커낼워크점,송도커낼워크점,인천광역시 연수구 아트센터대로 131,126.636899053684,37.399389451438104,인천광역시,연수구,인천 연수,빽다방,1
빽다방,구월엔씨점,인천광역시 남동구 인하로 497-9,126.70155559021099,37.4439888391137,인천광역시,남동구,인천 남동,빽다방,1
빽다방,주안역점,"인천광역시 미추홀구 주안로 100, (주안동)",126.680697063593,37.4637787831324,인천광역시,미추홀구,인천 미추홀,빽다방,1
빽다방,,인천광역시 서구 청라라임로 65,126.652972995341,37.53343048534661,인천광역시,서구,인천 서구,빽다방,1
빽다방,인천논현점,인천광역시 남동구 논고개로 93,126.72482219528798,37.399460394205704,인천광역시,남동구,인천 남동,빽다방,1
빽다방,,인천광역시 남동구 소래역남로 10,126.735447491238,37.3975922134915,인천광역시,남동구,인천 남동,빽다방,1
빽다방,인천길병원점,인천광역시 남동구 구월남로 174,126.709055404561,37.45276600325229,인천광역시,남동구,인천 남동,빽다방,1
빽다방,계양구청점,인천광역시 계양구 계산새로 71,126.735805215834,37.538770377964894,인천광역시,계양구,인천 계양,빽다방,1
빽다방,연수점,인천광역시 연수구 먼우금로188번길 12,126.67648668721901,37.413399887771796,인천광역시,연수구,인천 연수,빽다방,1
빽다방,인천구월CGV점,인천광역시 남동구 예술로 198,126.70193047231001,37.4517238458032,인천광역시,남동구,인천 남동,빽다방,1
빽다방,인천논현역2호점,인천광역시 남동구 논고개로123번길 17,126.72306788931299,37.4016760513818,인천광역시,남동구,인천 남동,빽다방,1
빽다방,부평로데오점,인천광역시 부평구 부평대로20번길 18-1,126.724283421741,37.4930994888734,인천광역시,부평구,인천 부평,빽다방,1
빽다방,인천송도점,인천광역시 연수구 컨벤시아대로 81,126.650147910674,37.3949281435415,인천광역시,연수구,인천 연수,빽다방,1
빽다방,인천남동초교점,인천광역시 남동구 장승남로 41,126.736786251876,37.4436318091679,인천광역시,남동구,인천 남동,빽다방,1
빽다방,인천서창E편한점,인천광역시 남동구 서창남로 48,126.750642508325,37.423830020381395,인천광역시,남동구,인천 남동,빽다방,1
빽다방,가좌한신점,인천광역시 서구 장고개로337번길 16,126.685337398373,37.493131996974704,인천광역시,서구,인천 서구,빽다방,1
빽다방,,인천광역시 부평구 열우물로 39,126.70080679947701,37.4715973143106,인천광역시,부평구,인천 부평,빽다방,1
빽다방,NC점,인천광역시 남동구 인하로 485,126.70067382794,37.4440061791012,인천광역시,남동구,인천 남동,빽다방,1
빽다방인천간석올리브점,인천간석올리브점,인천광역시 남동구 석산로141번길 44,126.707567103354,37.4624088311462,인천광역시,남동구,인천 남동,빽다방,1
빽다방,,인천광역시 연수구 송도과학로27번길 70,126.667234123799,37.38794969324471,인천광역시,연수구,인천 연수,빽다방,1
빽다방,동인천역점,인천광역시 중구 자유공원로 5,126.630527043161,37.4751555612816,인천광역시,중구,인천 중구,빽다방,1
빽다방,인천신현하늘채점,인천광역시 서구 석곶로 2,126.673752792822,37.51770860432,인천광역시,서구,인천 서구,빽다방,1
빽다방,인천임학역점,인천광역시 계양구 장제로 885-1,126.73916828016701,37.5460145407835,인천광역시,계양구,인천 계양,빽다방,1
빽다방인천용현토지점,인천용현토지점,"인천광역시 미추홀구 낙섬중로 40, (용현동)",126.63771361517901,37.45168578617729,인천광역시,미추홀구,인천 미추홀,빽다방,1
빽다방송도캠퍼스타운점,송도캠퍼스타운점,인천광역시 연수구 송도과학로27번길 55,126.66511116665001,37.389223244440004,인천광역시,연수구,인천 연수,빽다방,1
빽다방,인하대역SK점,"인천광역시 미추홀구 용정공원로 33, (용현동, SK스카이뷰)",126.64504279314899,37.4520043181734,인천광역시,미추홀구,인천 미추홀,빽다방,1
빽다방,연수동춘나사렛점,인천광역시 연수구 앵고개로 256,126.672010300804,37.407817309310204,인천광역시,연수구,인천 연수,빽다방,1
빽다방,인천강화군청점,인천광역시 강화군 강화읍 강화대로 396,126.487356213765,37.7457788167245,인천광역시,강화군,인천 강화,빽다방,1
빽다방,,인천광역시 계양구 계양대로 32,126.72263818210101,37.5266089924471,인천광역시,계양구,인천 계양,빽다방,1
빽다방,청라쓰리엠점,인천광역시 서구 중봉대로586번길 9-4,126.650926772317,37.5320826276416,인천광역시,서구,인천 서구,빽다방,1
빽다방,인천월미도점,인천광역시 중구 월미로 237,126.59953713559099,37.474648113658795,인천광역시,중구,인천 중구,빽다방,1
빽다방,인천계산삼거리점,인천광역시 계양구 경명대로 1059,126.724723145844,37.543687935749,인천광역시,계양구,인천 계양,빽다방,1
빽다방,,인천광역시 계양구 안남로 548,126.711052716499,37.5319072776229,인천광역시,계양구,인천 계양,빽다방,1
빽다방,인천작전역점,인천광역시 계양구 효서로 233-1,126.72188690426,37.5282046903326,인천광역시,계양구,인천 계양,빽다방,1
빽다방,순천신대1호점,전라남도 순천시 해룡면 좌야로 135,127.544933638626,34.934945819773,전라남도,순천시,순천,빽다방,1
빽다방,목포장미의거리점,전라남도 목포시 장미로 23,126.42401031881901,34.8016833630994,전라남도,목포시,목포,빽다방,1
빽다방,여수여천점,전라남도 여수시 망마로 47,127.668022500829,34.7593654410888,전라남도,여수시,여수,빽다방,1
빽다방목포평화광장점,목포평화광장점,전라남도 목포시 원형로 4-1,126.430568045648,34.7987394859263,전라남도,목포시,목포,빽다방,1
빽다방여수웅천해변점,여수웅천해변점,전라남도 여수시 예울마루로 37-15,127.67090245205601,34.7465629445408,전라남도,여수시,여수,빽다방,1
빽다방,무안전남도청점,전라남도 무안군 삼향읍 남악3로82번길 14,126.46176864088999,34.8126766612294,전라남도,무안군,무안,빽다방,1
빽다방,광양중마사랑점,전라남도 광양시 공영로 67,127.696616576587,34.9361043564681,전라남도,광양시,광양,빽다방,1
빽다방,,전라남도 목포시 원산중앙로 10,126.374393581474,34.806979666585804,전라남도,목포시,목포,빽다방,1
빽다방,목포역점,전라남도 목포시 수문로 9,126.384815850485,34.7914616311813,전라남도,목포시,목포,빽다방,1
빽다방,목포옥암점,전라남도 목포시 당가두로 18,126.43793376847799,34.807965238521106,전라남도,목포시,목포,빽다방,1
빽다방,전북대1호점,전라북도 전주시 덕진구 권삼득로 301,127.12862578511199,35.8430985522935,전라북도,덕진구,덕진,빽다방,1
빽다방,전주혁신1호점,전라북도 전주시 완산구 오공로 33-14,127.059509513444,35.8372508074142,전라북도,완산구,완산,빽다방,1
빽다방,익산영등제일점,전라북도 익산시 고봉로30길 4,126.97080391396798,35.95624189884521,전라북도,익산시,익산,빽다방,1
빽다방전주대점,전주대점,전라북도 전주시 완산구 백마산길 23,127.090686755725,35.8171932977635,전라북도,완산구,완산,빽다방,1
빽다방정읍터미널점,정읍터미널점,전라북도 정읍시 중앙로 41,126.846495862338,35.5723946032173,전라북도,정읍시,정읍,빽다방,1
빽다방,전주서신중앙점,전라북도 전주시 완산구 당산로 43,127.112648218489,35.8325264641797,전라북도,완산구,완산,빽다방,1
빽다방,김제터미널점,전라북도 김제시 동서로 232,126.892988082929,35.8024484327952,전라북도,김제시,김제,빽다방,1
빽다방,전주혁신1호점,전라북도 전주시 덕진구 기지로 77,127.059303061343,35.8387994338656,전라북도,덕진구,덕진,빽다방,1
빽다방,서귀포시청점,제주특별자치도 서귀포시 중앙로 99,126.560752339293,33.253455518178804,제주특별자치도,서귀포시,서귀포,빽다방,1
빽다방,제주대학로점,제주특별자치도 제주시 광양8길 12-1,126.528255284918,33.4999125030726,제주특별자치도,제주시,제주,빽다방,1
빽다방,탐라도서관점,제주특별자치도 제주시 노형6길 27,126.47803667808701,33.4800032149643,제주특별자치도,제주시,제주,빽다방,1
빽다방,제주중앙여고점,제주특별자치도 제주시 남광로2길 43-13,126.54115300290199,33.4899493658316,제주특별자치도,제주시,제주,빽다방,1
빽다방베이커리앤,베이커리앤,제주특별자치도 서귀포시 색달로 18,126.406536772828,33.259508870753194,제주특별자치도,서귀포시,서귀포,빽다방,1
빽다방,호텔더본제주점,제주특별자치도 서귀포시 색달로 18,126.406536772828,33.259508870753194,제주특별자치도,서귀포시,서귀포,빽다방,1
빽다방,제주성산일출봉점,제주특별자치도 서귀포시 성산읍 성산등용로 4-4,126.934142899958,33.464577787888196,제주특별자치도,서귀포시,서귀포,빽다방,1
빽다방,제주서귀포시청점,제주특별자치도 서귀포시 중앙로 111,126.56056234591999,33.254571318024695,제주특별자치도,서귀포시,서귀포,빽다방,1
빽다방,제주외도점,제주특별자치도 제주시 우정로15길 1,126.43129919754499,33.4860739110367,제주특별자치도,제주시,제주,빽다방,1
빽다방,신용화점,충청남도 아산시 용화고길55번길 21,127.00910167842,36.7737291107411,충청남도,아산시,아산,빽다방,1
빽다방,아산터미널점,충청남도 아산시 번영로 217,127.01478549209499,36.7847614713873,충청남도,아산시,아산,빽다방,1
빽다방,공주대점,충청남도 공주시 공주대학로 87,127.13751987031799,36.472793650216296,충청남도,공주시,공주,빽다방,1
빽다방,천안구성점,충청남도 천안시 동남구 충절로 292,127.16067782548599,36.793080688472706,충청남도,동남구,동남,빽다방,1
천안두정중앙빽다방,,충청남도 천안시 서북구 두정로 166,127.13525819061,36.8335591583814,충청남도,서북구,서북,빽다방,1
빽다방,아산배방점,충청남도 아산시 배방읍 모산로 112,127.05522672893,36.774104357007104,충청남도,아산시,아산,빽다방,1
빽다방,홍성로데오점,충청남도 홍성군 홍성읍 아문길29번길 56,126.664297289619,36.601194859026705,충청남도,홍성군,홍성,빽다방,1
빽다방,천안성정롯데점,충청남도 천안시 서북구 서부3길 77,127.140753046787,36.8253984148903,충청남도,서북구,서북,빽다방,1
빽다방,천안쌍용이마트점,충청남도 천안시 서북구 충무로 196,127.12843550795401,36.7955793412053,충청남도,서북구,서북,빽다방,1
빽다방,당진문예의전당점,충청남도 당진시 시청1로 77,126.63898473652901,36.8908114219764,충청남도,당진시,당진,빽다방,1
빽다방,온양온천역점,충청남도 아산시 온궁로 22-4,127.00289096578699,36.7818867893275,충청남도,아산시,아산,빽다방,1
빽다방당진읍내점,당진읍내점,충청남도 당진시 당진중앙2로 103-11,126.63003718586701,36.8943040167607,충청남도,당진시,당진,빽다방,1
빽다방,천안역점,충청남도 천안시 동남구 대흥로 228,127.148104654669,36.808374233136,충청남도,동남구,동남,빽다방,1
빽다방,서산터미널점,충청남도 서산시 율지8로 4,126.459735295734,36.7818337197554,충청남도,서산시,서산,빽다방,1
빽다방,천안두정역점,충청남도 천안시 서북구 두정로 271,127.14699933078501,36.8332474614609,충청남도,서북구,서북,빽다방,1
빽다방,당진읍내점,충청남도 당진시 당진중앙1로 98,126.62981220581499,36.894337466718895,충청남도,당진시,당진,빽다방,1
빽다방,보령중앙로점,충청남도 보령시 중앙로 81,126.595375544774,36.3505993722405,충청남도,보령시,보령,빽다방,1
빽다방,홍성내포중앙점,충청남도 홍성군 홍북읍 청사로174번길 2,126.678985394715,36.6593657586177,충청남도,홍성군,홍성,빽다방,1
빽다방,천안불당지웰점,충청남도 천안시 서북구 불당26로 50,127.10568113925699,36.8126316752048,충청남도,서북구,서북,빽다방,1
빽다방,신방점,충청남도 천안시 동남구 통정4로 10,127.13156916247,36.7740733395782,충청남도,동남구,동남,빽다방,1
빽다방,천안직산점,충청남도 천안시 서북구 직산읍 삼은3길 13,127.150974186515,36.878306852601206,충청남도,서북구,서북,빽다방,1
빽다방,천안청당점,충청남도 천안시 동남구 청수4로 10,127.15293689737,36.78275247820999,충청남도,동남구,동남,빽다방,1
빽다방,충북대중문점,충청북도 청주시 서원구 내수동로 101,127.458504105994,36.6339185797815,충청북도,서원구,서원,빽다방,1
빽다방,청주성안롯데점,충청북도 청주시 상당구 성안로 13,127.48949865893199,36.635911907779004,충청북도,상당구,상당,빽다방,1
빽다방,청주가경골드점,충청북도 청주시 흥덕구 가경로 9-22,127.442583596614,36.6164698249358,충청북도,흥덕구,흥덕,빽다방,1
빽다방청주산남점,청주산남점,충청북도 청주시 서원구 산남로 64,127.466989872968,36.611381489463504,충청북도,서원구,서원,빽다방,1
빽다방,청주터미널점,충청북도 청주시 흥덕구 풍년로 148-1,127.433538296641,36.625790748491,충청북도,흥덕구,흥덕,빽다방,1
빽다방,충주신연수리첼점,충청북도 충주시 번영대로 216,127.94157114387899,36.9868528392322,충청북도,충주시,충주,빽다방,1
빽다방,청주분평중앙점,충청북도 청주시 서원구 1순환로1107번길 20,127.489877599716,36.6072549613409,충청북도,서원구,서원,빽다방,1
빽다방,청주율량중앙점,충청북도 청주시 청원구 율량로 104,127.497259384009,36.6720112631945,충청북도,청원구,청원,빽다방,1
빽다방,청주지웰시티점,충청북도 청주시 흥덕구 대농로 39,127.426908585927,36.6423322665511,충청북도,흥덕구,흥덕,빽다방,1
빽다방,청주금천광장점,충청북도 청주시 상당구 산성로98번길 35,127.505732867002,36.6310507335793,충청북도,상당구,상당,빽다방,1
빽다방,청주오송점,충청북도 청주시 흥덕구 오송읍 오송생명5로 179,127.330309831776,36.6305363415586,충청북도,흥덕구,흥덕,빽다방,1
