상호명,지점명,도로명주소,경도,위도,광역시도,시군구,ID,브랜드명,커피빈 매장수
커피빈,,강원도 동해시 일출로 107,129.11896272175198,37.5527153220601,강원도,동해시,동해,커피빈,1
커피빈,코리아원주AK플라자점,강원도 원주시 봉화로 1,127.92762594653999,37.3456790421194,강원도,원주시,원주,커피빈,1
커피빈,곰씨네,강원도 춘천시 동내면 춘천순환로 61-15,127.751359475774,37.856311186948204,강원도,춘천시,춘천,커피빈,1
커피빈,,경기도 이천시 남천로 93,127.44768697144698,37.2767298541563,경기도,이천시,이천,커피빈,1
커피빈,코리아수원인계점,경기도 수원시 팔달구 권광로 195,127.032669257824,37.2649380770557,경기도,팔달구,팔달,커피빈,1
커피빈코리아일산원마운트점,코리아일산원마운트점,경기도 고양시 일산서구 한류월드로 300,126.754507255359,37.6645440393554,경기도,일산서구,일산서,커피빈,1
커피빈,코리아죽전단국대앞점,경기도 용인시 수지구 죽전로168번길 18,127.124881388273,37.32440680269271,경기도,수지구,수지,커피빈,1
커피빈,코리아분당수내점,경기도 성남시 분당구 황새울로214번길 8,127.112300100363,37.378125751863706,경기도,분당구,분당,커피빈,1
커피빈,코리아오리역애플플라자점,경기도 성남시 분당구 탄천상로151번길 20,127.10680901567801,37.34032009119729,경기도,분당구,분당,커피빈,1
커피빈,코리아수원애경역사점,경기도 수원시 팔달구 덕영대로 924,127.00008813955601,37.2656675906019,경기도,팔달구,팔달,커피빈,1
커피빈,일산웨스턴돔1호점,경기도 고양시 일산동구 정발산로 24,126.772025233806,37.655888808787,경기도,일산동구,일산동,커피빈,1
커피빈플로리안,,경기도 고양시 일산서구 일산로 648,126.757174609615,37.6826644158131,경기도,일산서구,일산서,커피빈,1
커피빈,코리아구리점,경기도 구리시 검배로 3,127.141722418566,37.6007525514719,경기도,구리시,구리,커피빈,1
커피빈,,경기도 수원시 영통구 봉영로 1612,127.074963402274,37.2544629657597,경기도,영통구,영통,커피빈,1
커피빈,분당서현점,경기도 성남시 분당구 분당로53번길 11,127.121534919454,37.3840607319983,경기도,분당구,분당,커피빈,1
커피빈,코리아분당프라자점,경기도 성남시 분당구 황새울로 326,127.121849966435,37.38512634443521,경기도,분당구,분당,커피빈,1
커피빈,코리아분당차병원점,경기도 성남시 분당구 야탑로65번길 16,127.126348801297,37.411011557245104,경기도,분당구,분당,커피빈,1
커피빈컵엔,,경기도 군포시 금정로 43,126.940644598971,37.3657106778261,경기도,군포시,군포,커피빈,1
커피빈코리아일산원마운,,경기도 고양시 일산서구 한류월드로 300,126.754507255359,37.6645440393554,경기도,일산서구,일산서,커피빈,1
커피빈코리아일산,,경기도 고양시 일산동구 무궁화로 20-11,126.767529926287,37.661824637164,경기도,일산동구,일산동,커피빈,1
커피빈플로리안,,경기도 고양시 일산서구 일산로 646,126.757551519744,37.6824971962493,경기도,일산서구,일산서,커피빈,1
커피빈,,경기도 고양시 일산동구 호수로 358-25,126.78615675821399,37.6399159362023,경기도,일산동구,일산동,커피빈,1
커피빈,코리아판교아브뉴프랑점,경기도 성남시 분당구 동판교로177번길 25,127.113553422281,37.3973100809843,경기도,분당구,분당,커피빈,1
커피빈,코리아광교아브뉴프랑점,경기도 수원시 영통구 센트럴타운로 85,127.050464070999,37.291556147104295,경기도,영통구,영통,커피빈,1
커피빈,코리아분당삼성시범단지앞점,경기도 성남시 분당구 새마을로 8,127.131508838391,37.3838100124365,경기도,분당구,분당,커피빈,1
커피빈,코리아분당수내역점,경기도 성남시 분당구 황새울로258번길 29,127.116792684053,37.3792046395925,경기도,분당구,분당,커피빈,1
커피빈,코리아분당차병원점,경기도 성남시 분당구 야탑로 59,127.12582430926399,37.410458024730794,경기도,분당구,분당,커피빈,1
커피빈코리아동탄라마다호,,경기도 화성시 노작로 199,127.07466735993299,37.2058283696218,경기도,화성시,화성,커피빈,1
커피빈코리아분당미금역,,경기도 성남시 분당구 돌마로 48,127.10734142853599,37.3496863666847,경기도,분당구,분당,커피빈,1
커피빈코리아부천중동위브,,경기도 부천시 신흥로 190,126.77722067504,37.501219005055795,경기도,부천시,부천,커피빈,1
커피빈코리아분당차병원,,경기도 성남시 분당구 야탑로65번길 16,127.126348801297,37.411011557245104,경기도,분당구,분당,커피빈,1
커피빈,,경기도 연천군 연천읍 연천로252번길 3,127.074765959875,38.099349699657004,경기도,연천군,연천,커피빈,1
커피빈,코리아중동위브더스테이트점,경기도 부천시 신흥로 190,126.77722067504,37.501219005055795,경기도,부천시,부천,커피빈,1
커피빈,코리아분당미금역점,경기도 성남시 분당구 돌마로 48,127.10734142853599,37.3496863666847,경기도,분당구,분당,커피빈,1
커피빈,코리아일산킨텍스현대백화점점,경기도 고양시 일산서구 호수로 817,126.751616105658,37.6679823561386,경기도,일산서구,일산서,커피빈,1
COFFEEBEANS연천점,연천점,경기도 연천군 연천읍 연천로 256,127.074831067405,38.099611493051,경기도,연천군,연천,커피빈,1
커피빈,중동롯데점,경기도 부천시 길주로 300,126.775299219556,37.5025326300427,경기도,부천시,부천,커피빈,1
커피빈,코리아동탄메타폴리스점,경기도 화성시 동탄중앙로 200,127.068937030482,37.202764777394705,경기도,화성시,화성,커피빈,1
커피빈,코리아동탄라마다호텔점,경기도 화성시 노작로 199,127.07466735993299,37.2058283696218,경기도,화성시,화성,커피빈,1
커피빈,코리아용인보정동점,경기도 용인시 기흥구 죽전로15번길 5,127.10998232518699,37.3210157165361,경기도,기흥구,기흥,커피빈,1
커피빈,현대프리미엄아울렛김포점,경기도 김포시 고촌읍 아라육로152번길 100,126.785052214643,37.597097179989206,경기도,김포시,김포,커피빈,1
커피빈판교알파돔시티점,판교알파돔시티점,경기도 성남시 분당구 판교역로 145,127.10832367334,37.394495445351204,경기도,분당구,분당,커피빈,1
커피빈,코리아마두역점,경기도 고양시 일산동구 중앙로 1193,126.776604493867,37.65308018351129,경기도,일산동구,일산동,커피빈,1
커피빈,코리아분당정자점,경기도 성남시 분당구 내정로 54,127.116137334481,37.3638453394592,경기도,분당구,분당,커피빈,1
커피빈코리아수원망포역점,코리아수원망포역점,경기도 수원시 영통구 영통로214번길 8,127.057559372479,37.2462248784169,경기도,영통구,영통,커피빈,1
커피빈범계역로데오점,범계역로데오점,경기도 안양시 동안구 평촌대로223번길 41,126.953497708509,37.3904783109627,경기도,동안구,동안,커피빈,1
커피빈,중동현대백화점U-PLEX점,경기도 부천시 길주로 172,126.760836134179,37.504463173161895,경기도,부천시,부천,커피빈,1
더커피빈,,경기도 성남시 분당구 황새울로 326,127.121849966435,37.38512634443521,경기도,분당구,분당,커피빈,1
커피빈코리아산본역점,코리아산본역점,경기도 군포시 광정로 58,126.93097041798401,37.35849618324129,경기도,군포시,군포,커피빈,1
커피빈,코리아강남대점,경기도 용인시 기흥구 강남로 3,127.126131428473,37.2709903107511,경기도,기흥구,기흥,커피빈,1
더커피빈,,경기도 성남시 분당구 분당로53번길 11,127.121534919454,37.3840607319983,경기도,분당구,분당,커피빈,1
커피빈코리아평촌점,코리아평촌점,경기도 안양시 동안구 시민대로327번길 6,126.96695345846202,37.396642784933206,경기도,동안구,동안,커피빈,1
커피빈분당정자점,분당정자점,경기도 성남시 분당구 정자일로 227,127.105590853668,37.370704376104605,경기도,분당구,분당,커피빈,1
커피빈동탄영천성산타워점,동탄영천성산타워점,경기도 화성시 동탄순환대로 704,127.110729773277,37.207636457182005,경기도,화성시,화성,커피빈,1
커피빈,,경기도 이천시 중리천로 96-23,127.447573289736,37.2768554793855,경기도,이천시,이천,커피빈,1
커피빈코리아화정중앙공원점,코리아화정중앙공원점,경기도 고양시 덕양구 화신로260번길 26,126.832977996029,37.6317296001356,경기도,덕양구,덕양,커피빈,1
커피빈,코리아안양1번가점,경기도 안양시 만안구 안양로304번길 12,126.921883024375,37.3995383115151,경기도,만안구,만안,커피빈,1
커피빈코리아평택소사점,코리아평택소사점,경기도 평택시 평남로 862,127.111485497125,37.0004656799329,경기도,평택시,평택,커피빈,1
커피빈,코리아성남신흥점,경기도 성남시 수정구 수정로 190,127.14095741033199,37.4434220812105,경기도,수정구,수정,커피빈,1
커피빈코리아파주운정홈플러스점,코리아파주운정홈플러스점,경기도 파주시 청암로17번길 17,126.736720328428,37.729569444036706,경기도,파주시,파주,커피빈,1
커피빈코리아수원송죽DT점,코리아수원송죽DT점,경기도 수원시 장안구 경수대로 989,127.002916902617,37.3050688675503,경기도,장안구,장안,커피빈,1
커피빈코리아서수원이마트점,코리아서수원이마트점,경기도 수원시 권선구 수인로 291,126.970137925629,37.2826215528165,경기도,권선구,권선,커피빈,1
커피빈코리아성균관대자연과학캠퍼스점,코리아성균관대자연과학캠퍼스점,경기도 수원시 장안구 서부로 2066,126.974151781931,37.2959653937588,경기도,장안구,장안,커피빈,1
커피빈,수지동천점,경기도 용인시 수지구 손곡로 95,127.091795166346,37.3359616843276,경기도,수지구,수지,커피빈,1
커피빈,코리아수원인계DT점,경기도 수원시 팔달구 인계로 79,127.026450891624,37.2689239866241,경기도,팔달구,팔달,커피빈,1
커피빈,코리아동탄능동DT점,경기도 화성시 동탄지성로 177,127.05631931086599,37.2109730829945,경기도,화성시,화성,커피빈,1
커피빈,부천상동점,경기도 부천시 길주로 111,126.754867560809,37.5063196050671,경기도,부천시,부천,커피빈,1
커피빈,하남신세계백화점B1점,경기도 하남시 미사대로 750,127.22372317625299,37.5454278745332,경기도,하남시,하남,커피빈,1
커피빈,,경기도 부천시 부천로 4,126.783475258916,37.48446123019271,경기도,부천시,부천,커피빈,1
엔에스커피빈,경희대점,경기도 수원시 영통구 매영로425번길 2,127.07816566317,37.24884708282279,경기도,영통구,영통,커피빈,1
커피빈,CAFFE,경기도 이천시 부발읍 경충대로1804번길 15,127.515017704408,37.238132607863896,경기도,이천시,이천,커피빈,1
커피빈푸드,,경기도 성남시 중원구 사기막골로 177,127.178036453025,37.444460681745205,경기도,중원구,중원,커피빈,1
커피빈나무,,경기도 시흥시 공단1대로 244,126.72843512635299,37.335317502828204,경기도,시흥시,시흥,커피빈,1
커피빈,남양주화도DT점,경기도 남양주시 화도읍 경춘로 1641,127.27366033845,37.654079414779204,경기도,남양주시,남양주,커피빈,1
커피빈이,,경기도 여주시 강천면 강문로 368-5,127.695129305362,37.2841948302705,경기도,여주시,여주,커피빈,1
커피빈,부천북부역사거리점,경기도 부천시 부천로 25,126.782806361992,37.4866618829637,경기도,부천시,부천,커피빈,1
커피빈,코리아일산동구청점,경기도 고양시 일산동구 정발산로 38,126.77311114669901,37.6567020093843,경기도,일산동구,일산동,커피빈,1
커피빈,김포장기DT점,경기도 김포시 태장로 819,126.677592227616,37.6364964033004,경기도,김포시,김포,커피빈,1
커피빈,,경상남도 창원시 성산구 원이대로 774,128.68872484085801,35.216851428460295,경상남도,성산구,성산,커피빈,1
커피빈,,경상남도 창원시 성산구 동산로 192-1,128.695642517751,35.2243026194146,경상남도,성산구,성산,커피빈,1
커피빈앤산,,경상남도 통영시 사량면 진촌1길 30,128.223141606697,34.8445433855279,경상남도,통영시,통영,커피빈,1
커피빈,,경상남도 창원시 성산구 상남로 73,128.67989232265498,35.2206512324074,경상남도,성산구,성산,커피빈,1
커피빈,,경상남도 창원시 마산합포구 동서남1길 25,128.56986653228398,35.2013517892206,경상남도,마산합포구,마산합포,커피빈,1
커피빈,코리아창원상남동점,경상남도 창원시 성산구 중앙대로 104,128.68081741127,35.223566613347394,경상남도,성산구,성산,커피빈,1
커피빈창원시티세븐점,창원시티세븐점,경상남도 창원시 의창구 원이대로 332,128.65528275005101,35.2392929604693,경상남도,의창구,의창,커피빈,1
커피빈함안휴게소부산방면,함안휴게소부산방면,경상남도 함안군 군북면 현포로 205,128.34809010783502,35.293470693656396,경상남도,함안군,함안,커피빈,1
커피빈함안휴게소순천방면,함안휴게소순천방면,경상남도 함안군 군북면 현포로 205-1,128.343858579012,35.2938073072085,경상남도,함안군,함안,커피빈,1
커피빈,진주LH본사점,경상남도 진주시 충의로 19,128.145856034763,35.1783380588902,경상남도,진주시,진주,커피빈,1
커피빈,,경상남도 창원시 진해구 안청남로 40,128.806784939412,35.1004347860937,경상남도,진해구,진해,커피빈,1
커피빈,파머스마켓점,경상북도 구미시 산업로 310,128.353744621874,36.1222153410592,경상북도,구미시,구미,커피빈,1
커피빈,,경상북도 상주시 냉림서성길 32,128.161067328788,36.419788864695,경상북도,상주시,상주,커피빈,1
커피빈,코리아경주미탐시티점,경상북도 경주시 엑스포로 80,129.28987714387,35.8345764593531,경상북도,경주시,경주,커피빈,1
커피빈,코리아포항영일대점,경상북도 포항시 북구 삼호로265번길 1,129.37970607116,36.061593347160795,경상북도,북구,북,커피빈,1
커피빈,,경상북도 울진군 죽변면 죽변9길 1,129.42106615479298,37.0601263863323,경상북도,울진군,울진,커피빈,1
커피빈,,경상북도 경주시 양북면 어일중앙길 17,129.442111963191,35.7915144365154,경상북도,경주시,경주,커피빈,1
커피빈,,광주광역시 서구 상무민주로 82,126.85964497330299,35.1577887104169,광주광역시,서구,광주 서구,커피빈,1
커피빈,,광주광역시 남구 효우로93번길 5,126.90503999226401,35.1053858986132,광주광역시,남구,광주 남구,커피빈,1
커피빈,코리아광주봉선점,광주광역시 남구 봉선로 168,126.91367106953699,35.1228424589345,광주광역시,남구,광주 남구,커피빈,1
커피빈,코리아광주문화전당역점,광주광역시 동구 서석로 44,126.918403973487,35.1465734032559,광주광역시,동구,광주 동구,커피빈,1
커피빈,KTX동대구역점,대구광역시 동구 동대구로 550,128.628726138595,35.8790975727776,대구광역시,동구,대구 동구,커피빈,1
커피빈,,대구광역시 수성구 동대구로74길 25,128.62872818713,35.863937360056504,대구광역시,수성구,대구 수성,커피빈,1
커피빈,코리아대구현대백화점점,대구광역시 중구 달구벌대로 2077,128.590635683154,35.866636334409705,대구광역시,중구,대구 중구,커피빈,1
커피빈,코리아대구동성로점,대구광역시 중구 동성로2길 50,128.596959526306,35.8682544996474,대구광역시,중구,대구 중구,커피빈,1
커피빈,코리아대구롯데영플라자점,대구광역시 중구 국채보상로 585,128.594746152582,35.8713930644034,대구광역시,중구,대구 중구,커피빈,1
더커피빈스,,대구광역시 수성구 청수로40길 75,128.62990144716002,35.8358820386355,대구광역시,수성구,대구 수성,커피빈,1
커피빈,,대전광역시 동구 동서대로 1689,127.43669956546302,36.3502454253977,대전광역시,동구,대전 동구,커피빈,1
커피빈,코리아대전카이스트점,대전광역시 유성구 대학로 291,127.357137252959,36.3681752544551,대전광역시,유성구,대전 유성,커피빈,1
커피빈,,대전광역시 동구 동서대로 1720,127.44033317826599,36.350028172467,대전광역시,동구,대전 동구,커피빈,1
커피빈,코리아대전둔산점,대전광역시 서구 둔산로 26,127.376759362967,36.3516692370579,대전광역시,서구,대전 서구,커피빈,1
커피빈,코리아대전탄방동점,대전광역시 서구 문정로 76,127.38769682405199,36.346417421321995,대전광역시,서구,대전 서구,커피빈,1
커피빈,코리아부산장산역점,부산광역시 해운대구 세실로 48,129.178573776255,35.169699726351,부산광역시,해운대구,부산 해운대,커피빈,1
커피빈,코리아부산광복동점,부산광역시 중구 광복로 35,129.029023375864,35.0994824207401,부산광역시,중구,부산 중구,커피빈,1
더커피빈,,부산광역시 해운대구 센텀동로 9,129.132482667416,35.1698870198936,부산광역시,해운대구,부산 해운대,커피빈,1
커피빈,부산역점,부산광역시 동구 중앙대로 206,129.045081835992,35.117625470822,부산광역시,동구,부산 동구,커피빈,1
커피빈,부산무역센터점,부산광역시 중구 충장대로 11,129.037757663565,35.1058349736802,부산광역시,중구,부산 중구,커피빈,1
커피빈,코리아해운대한화콘도앞점,부산광역시 해운대구 마린시티3로 51,129.145861210644,35.1540320752488,부산광역시,해운대구,부산 해운대,커피빈,1
커피빈,코리아부산서면태화점,부산광역시 부산진구 중앙대로 698-1,129.059500371307,35.1551515820862,부산광역시,부산진구,부산 부산진,커피빈,1
커피빈코리아해운대점,코리아해운대점,부산광역시 해운대구 해운대해변로 277,129.16158433662,35.1599035804847,부산광역시,해운대구,부산 해운대,커피빈,1
커피빈코리아부산수영역점,코리아부산수영역점,부산광역시 수영구 수영로 667,129.114506037609,35.1653755615451,부산광역시,수영구,부산 수영,커피빈,1
커피빈부산정관점,부산정관점,부산광역시 기장군 정관읍 정관로 563,129.175653836502,35.32193300746471,부산광역시,기장군,부산 기장,커피빈,1
커피빈,코리아부산서면서전로점,부산광역시 부산진구 서전로 12,129.060903273881,35.157537009274805,부산광역시,부산진구,부산 부산진,커피빈,1
커피빈,빌리프,부산광역시 강서구 대저로 299,128.984380840725,35.21134722666471,부산광역시,강서구,부산 강서,커피빈,1
커피빈,코리아해운대센텀호텔점,부산광역시 해운대구 센텀3로 20,129.132838324273,35.1678285408056,부산광역시,해운대구,부산 해운대,커피빈,1
커피빈코리아선릉로93길점,코리아선릉로93길점,서울특별시 강남구 선릉로93길 6,127.047883157395,37.505675040057994,서울특별시,강남구,서울 강남,커피빈,1
커피빈,코리아교대점,서울특별시 서초구 서초중앙로 118,127.014217033954,37.492387659064704,서울특별시,서초구,서울 서초,커피빈,1
커피빈,코리아대학로대명거리점,서울특별시 종로구 대명길 25,127.000170846364,37.5831492497775,서울특별시,종로구,서울 종로,커피빈,1
커피빈,코리아선릉역점,서울특별시 강남구 테헤란로 335,127.04822290823499,37.5047496908904,서울특별시,강남구,서울 강남,커피빈,1
커피빈코리아강남역먹자골목점,코리아강남역먹자골목점,서울특별시 강남구 테헤란로1길 29,127.027279995112,37.500100847200606,서울특별시,강남구,서울 강남,커피빈,1
커피빈,코리아청담에스점,서울특별시 강남구 압구정로 461,127.04721583976101,37.5252495612624,서울특별시,강남구,서울 강남,커피빈,1
커피빈,코리아강남역랭기지타워점,서울특별시 강남구 테헤란로4길 28,127.030074547889,37.4965196043765,서울특별시,강남구,서울 강남,커피빈,1
커피빈,코리아청담성당점,서울특별시 강남구 삼성로 716,127.05002149174601,37.5199018862561,서울특별시,강남구,서울 강남,커피빈,1
커피빈,코리아현대자동차여의도점,서울특별시 영등포구 국제금융로 20,126.92727701435699,37.524878809187605,서울특별시,영등포구,서울 영등포,커피빈,1
커피빈,코리아신촌현대백화점점,서울특별시 서대문구 신촌로 83,126.93582782049101,37.556069154454,서울특별시,서대문구,서울 서대문,커피빈,1
커피빈,코리아역삼역4번출구점,서울특별시 강남구 테헤란로 143,127.034884401544,37.50064077948029,서울특별시,강남구,서울 강남,커피빈,1
커피빈,광장동대한제지점,서울특별시 광진구 아차산로 563,127.102911969818,37.544130344049,서울특별시,광진구,서울 광진,커피빈,1
커피빈코리아강남구청앞점,코리아강남구청앞점,서울특별시 강남구 학동로 423,127.04661269709699,37.5184147126149,서울특별시,강남구,서울 강남,커피빈,1
커피빈,코리아명동증권빌딩점,서울특별시 중구 명동7길 13,126.983952741813,37.564341196302706,서울특별시,중구,서울 중구,커피빈,1
커피빈,코리아삼성생명강남사옥점,서울특별시 서초구 서초대로74길 4,127.025683828146,37.4967357683727,서울특별시,서초구,서울 서초,커피빈,1
커피빈,코리아공항터미널2호점,서울특별시 강남구 테헤란로87길 22,127.059426824816,37.509624041536796,서울특별시,강남구,서울 강남,커피빈,1
커피빈코리아서초우성아파트앞점,코리아서초우성아파트앞점,서울특별시 서초구 사임당로 171,127.028336934523,37.492720890857704,서울특별시,서초구,서울 서초,커피빈,1
커피빈,코리아대치은마점,서울특별시 강남구 영동대로 211,127.068806483655,37.497561118625995,서울특별시,강남구,서울 강남,커피빈,1
커피빈,코리아대치한티점,서울특별시 강남구 선릉로64길 23,127.05415180863999,37.498291685952,서울특별시,강남구,서울 강남,커피빈,1
커피빈,코리아테헤란로비젼타워점,서울특별시 강남구 테헤란로 312,127.045033948395,37.5029308525436,서울특별시,강남구,서울 강남,커피빈,1
커피빈,코리아신촌대로점,서울특별시 서대문구 신촌로 113,126.93855689045,37.5559675754759,서울특별시,서대문구,서울 서대문,커피빈,1
커피빈코리아신림점,코리아신림점,서울특별시 관악구 신림로 318,126.930369254436,37.4826026900191,서울특별시,관악구,서울 관악,커피빈,1
커피빈코리아신사점,코리아신사점,서울특별시 강남구 도산대로 126,127.02238935035,37.5169552228844,서울특별시,강남구,서울 강남,커피빈,1
커피빈,코리아서초우성점,서울특별시 서초구 강남대로51길 1,127.030244120753,37.4912768507143,서울특별시,서초구,서울 서초,커피빈,1
커피빈,코리아목동점,서울특별시 양천구 목동동로 293,126.875752563272,37.5281659049786,서울특별시,양천구,서울 양천,커피빈,1
커피빈,코리아고대안암역점,서울특별시 성북구 개운사길 8,127.029558656269,37.5869806658445,서울특별시,성북구,서울 성북,커피빈,1
커피빈,코리아신촌점,서울특별시 서대문구 연세로 8-1,126.93728406837499,37.556334562389104,서울특별시,서대문구,서울 서대문,커피빈,1
커피빈,코리아강남에스점,서울특별시 서초구 강남대로 423,127.02579578825001,37.500304869454006,서울특별시,서초구,서울 서초,커피빈,1
커피빈,코리아테헤란로하이닉스뒷점,서울특별시 강남구 테헤란로70길 12,127.05314307701299,37.504735168954,서울특별시,강남구,서울 강남,커피빈,1
커피빈코리아이태원점,코리아이태원점,서울특별시 용산구 이태원로 189,126.994898468403,37.5348445682058,서울특별시,용산구,서울 용산,커피빈,1
커피빈,코리아시청역7번출구점,서울특별시 중구 세종대로 84,126.97715929531799,37.5636518048491,서울특별시,중구,서울 중구,커피빈,1
커피빈,차병원사거리점,서울특별시 강남구 봉은사로 207,127.03464470425199,37.5078382482953,서울특별시,강남구,서울 강남,커피빈,1
커피빈,코리아구로지밸리몰점,서울특별시 구로구 디지털로 300,126.89652780139,37.4849135072657,서울특별시,구로구,서울 구로,커피빈,1
커피빈,코리아논현동수면세터점,서울특별시 강남구 논현로 717,127.029517689597,37.5159507677051,서울특별시,강남구,서울 강남,커피빈,1
커피빈치,,서울특별시 은평구 응암로 302-1,126.921048245303,37.5983197298652,서울특별시,은평구,서울 은평,커피빈,1
커피빈,,서울특별시 영등포구 영등포로9길 46,126.887489608661,37.524799040978706,서울특별시,영등포구,서울 영등포,커피빈,1
커피빈,코리아현대자동차성내점,서울특별시 강동구 천호대로 1096,127.133218679549,37.5351929599763,서울특별시,강동구,서울 강동,커피빈,1
커피빈코리아낙성대역점,코리아낙성대역점,서울특별시 관악구 남부순환로 1909,126.96159324063801,37.4781056688261,서울특별시,관악구,서울 관악,커피빈,1
커피빈,코리아역삼포스틸타워뒷점,서울특별시 강남구 테헤란로20길 10,127.03412419342101,37.4990757403139,서울특별시,강남구,서울 강남,커피빈,1
커피빈코리아오목교역사거리점,코리아오목교역사거리점,서울특별시 양천구 오목로 350,126.87625414675101,37.5241430317764,서울특별시,양천구,서울 양천,커피빈,1
커피빈,코리아시흥홈플러스점,서울특별시 금천구 시흥대로 201,126.900776713123,37.4518935872289,서울특별시,금천구,서울 금천,커피빈,1
커피빈,코리아마리오아울렛점,서울특별시 금천구 디지털로9길 23,126.88646603159701,37.4787100009043,서울특별시,금천구,서울 금천,커피빈,1
커피빈,코리아을지로입구역점,서울특별시 중구 남대문로10길 6,126.983227937665,37.566866884039605,서울특별시,중구,서울 중구,커피빈,1
커피빈코리아구로디지털단지점,코리아구로디지털단지점,서울특별시 구로구 디지털로 273,126.894088426936,37.483944598211295,서울특별시,구로구,서울 구로,커피빈,1
커피빈코리아천호현대백화점옆,,서울특별시 강동구 천호대로 1015-14,127.12519757952101,37.538963301202,서울특별시,강동구,서울 강동,커피빈,1
커피빈,코리아여의도교보증권점,서울특별시 영등포구 의사당대로 97,126.92457332308099,37.5225024956653,서울특별시,영등포구,서울 영등포,커피빈,1
커피빈,코리아이태원제일기획옆점,서울특별시 용산구 이태원로 220,126.998463192105,37.5348027710382,서울특별시,용산구,서울 용산,커피빈,1
커피빈,코리아여의도중앙점,서울특별시 영등포구 국회대로68길 17,126.920093467271,37.5287779300589,서울특별시,영등포구,서울 영등포,커피빈,1
커피빈코리아방배역점,코리아방배역점,서울특별시 서초구 효령로 117,126.996925642159,37.481456482557604,서울특별시,서초구,서울 서초,커피빈,1
커피빈,코리아압구정현대아파트점,서울특별시 강남구 압구정로29길 65,127.026981632115,37.5317974156021,서울특별시,강남구,서울 강남,커피빈,1
커피빈코리아역삼점,코리아역삼점,서울특별시 강남구 논현로 512,127.036502483304,37.502338961594,서울특별시,강남구,서울 강남,커피빈,1
커피빈,신촌역앞점,서울특별시 서대문구 신촌역로 20,126.943118057552,37.5583692188785,서울특별시,서대문구,서울 서대문,커피빈,1
커피빈,코리아천호동행복빌딩점,서울특별시 강동구 구천면로 202,127.127074087312,37.5400944963541,서울특별시,강동구,서울 강동,커피빈,1
커피빈코리아인사점,코리아인사점,서울특별시 종로구 인사동4길 18,126.98732206347401,37.572984105237005,서울특별시,종로구,서울 종로,커피빈,1
커피빈,코리아강남대로점,서울특별시 서초구 강남대로 369,127.028197228786,37.4956481730487,서울특별시,서초구,서울 서초,커피빈,1
커피빈,코리아강서홈플러스점,서울특별시 강서구 화곡로 398,126.854800245129,37.5584556189768,서울특별시,강서구,서울 강서,커피빈,1
커피빈코리아테헤란로비,,서울특별시 강남구 테헤란로 312,127.045033948395,37.5029308525436,서울특별시,강남구,서울 강남,커피빈,1
커피빈,코리아상봉엔터식스점,서울특별시 중랑구 망우로 353,127.091605360196,37.5983230687909,서울특별시,중랑구,서울 중랑,커피빈,1
커피빈코리아CBTL서울,,서울특별시 중구 한강대로 416,126.973739611968,37.5554947274348,서울특별시,중구,서울 중구,커피빈,1
커피빈코리아테헤란로하이,,서울특별시 강남구 테헤란로70길 12,127.05314307701299,37.504735168954,서울특별시,강남구,서울 강남,커피빈,1
커피빈코리아역삼역4,,서울특별시 강남구 테헤란로 143,127.034884401544,37.50064077948029,서울특별시,강남구,서울 강남,커피빈,1
커피빈코리아압구정로데오,,서울특별시 강남구 선릉로157길 12,127.03899126085301,37.5261110066291,서울특별시,강남구,서울 강남,커피빈,1
커피빈,코리아대학로마로니에점,서울특별시 종로구 대학로12길 62,127.00369276133999,37.5813949682234,서울특별시,종로구,서울 종로,커피빈,1
커피빈코리아올림픽공원북,,서울특별시 강동구 강동대로 195,127.12825279632901,37.5243797641886,서울특별시,강동구,서울 강동,커피빈,1
커피빈코리아상암동SBS,,서울특별시 마포구 상암산로 82,126.892752778902,37.57970364147779,서울특별시,마포구,서울 마포,커피빈,1
커피빈코리아압구정에스점,코리아압구정에스점,서울특별시 강남구 압구정로46길 3,127.036893070846,37.5282744591627,서울특별시,강남구,서울 강남,커피빈,1
커피빈코리아올림픽공원,,서울특별시 송파구 올림픽로 424,127.115776502358,37.5203493948844,서울특별시,송파구,서울 송파,커피빈,1
커피빈,타임스퀘어B1점,서울특별시 영등포구 영중로 15,126.903914224263,37.517212666105706,서울특별시,영등포구,서울 영등포,커피빈,1
커피빈코리아여의도교보증,,서울특별시 영등포구 의사당대로 97,126.92457332308099,37.5225024956653,서울특별시,영등포구,서울 영등포,커피빈,1
커피빈,코리아남대문점,서울특별시 중구 후암로 110,126.974027761069,37.554289834272105,서울특별시,중구,서울 중구,커피빈,1
커피빈코리아논현동팍스타워,,서울특별시 강남구 언주로 609,127.036664991663,37.509936177251,서울특별시,강남구,서울 강남,커피빈,1
커피빈코리아여의도순복음교회옆점,코리아여의도순복음교회옆점,서울특별시 영등포구 여의서로 43,126.92473649335501,37.5308386325503,서울특별시,영등포구,서울 영등포,커피빈,1
더커피빈앤티리프,,서울특별시 강남구 광평로 280,127.10309432439101,37.487311037413605,서울특별시,강남구,서울 강남,커피빈,1
커피빈,코리아명동8나길점,서울특별시 중구 명동8나길 20,126.98388954903,37.5614933584536,서울특별시,중구,서울 중구,커피빈,1
커피빈,코리아강남역GT타워옆점,서울특별시 서초구 서초대로73길 12,127.02571695694401,37.4985381518182,서울특별시,서초구,서울 서초,커피빈,1
커피빈,코리아이대역점,서울특별시 서대문구 이화여대길 6,126.945998110077,37.5571965817685,서울특별시,서대문구,서울 서대문,커피빈,1
커피빈,코리아영동2교사거리점,서울특별시 강남구 논현로 136,127.043232821419,37.481876594572,서울특별시,강남구,서울 강남,커피빈,1
커피빈코리아외대앞점,코리아외대앞점,서울특별시 동대문구 이문로 106,127.06019706824,37.5960588132729,서울특별시,동대문구,서울 동대문,커피빈,1
커피빈,코리아뉴압구정점,서울특별시 강남구 논현로167길 9,127.02740564206199,37.5244122928567,서울특별시,강남구,서울 강남,커피빈,1
커피빈,코리아소공동삼화빌딩점,서울특별시 중구 남대문로7길 16,126.981148104184,37.5641548377455,서울특별시,중구,서울 중구,커피빈,1
커피빈,코리아명동나인트리호텔점,서울특별시 중구 명동8가길 20,126.98598243349899,37.5615744256292,서울특별시,중구,서울 중구,커피빈,1
커피빈코리아삼청동점,코리아삼청동점,서울특별시 종로구 삼청로 109,126.981767990823,37.5851364085309,서울특별시,종로구,서울 종로,커피빈,1
커피빈,코리아뉴선릉역점,서울특별시 강남구 테헤란로 327,127.04720966477899,37.5043811001854,서울특별시,강남구,서울 강남,커피빈,1
커피빈,코리아영동고앞점,서울특별시 강남구 선릉로 749,127.039457996029,37.5214743850308,서울특별시,강남구,서울 강남,커피빈,1
커피빈,코리아반포엘루체점,서울특별시 서초구 신반포로 23,126.987210696283,37.501737407512,서울특별시,서초구,서울 서초,커피빈,1
커피빈,코리아청담카페점,서울특별시 강남구 도산대로67길 7,127.044408516548,37.5244880169564,서울특별시,강남구,서울 강남,커피빈,1
커피빈,코리아목동트라팰리스점,서울특별시 양천구 오목로 299,126.870342171311,37.5260779264084,서울특별시,양천구,서울 양천,커피빈,1
커피빈,코리아교대역점,서울특별시 서초구 서초대로 280,127.012354946611,37.492957792054796,서울특별시,서초구,서울 서초,커피빈,1
커피빈,코리아여의도역점,서울특별시 영등포구 의사당대로 110,126.923972675103,37.52100129157029,서울특별시,영등포구,서울 영등포,커피빈,1
커피빈,코리아광화문역1번출구점,서울특별시 종로구 새문안로5가길 7,126.974023459841,37.572761149467205,서울특별시,종로구,서울 종로,커피빈,1
커피빈,코리아신천역점,서울특별시 송파구 올림픽로 100,127.081676403989,37.5114120093593,서울특별시,송파구,서울 송파,커피빈,1
커피빈,코리아뉴가로수길점,서울특별시 강남구 압구정로12길 6,127.022325923935,37.5235503948197,서울특별시,강남구,서울 강남,커피빈,1
커피빈,코리아언주로점,서울특별시 강남구 언주로 819,127.032781866655,37.523348151123,서울특별시,강남구,서울 강남,커피빈,1
커피빈,코리아압구정시티점,서울특별시 강남구 도산대로49길 13,127.036974187175,37.5237248097997,서울특별시,강남구,서울 강남,커피빈,1
커피빈코리아현대자동차강남오토스퀘어점,코리아현대자동차강남오토스퀘어점,서울특별시 강남구 강남대로 350,127.029959127242,37.4940767955719,서울특별시,강남구,서울 강남,커피빈,1
커피빈,코리아종로YMCA점,서울특별시 종로구 종로 69,126.985294475442,37.5705699246654,서울특별시,종로구,서울 종로,커피빈,1
커피빈,코리아내방역7번출구유중아트점,서울특별시 서초구 방배로 178,126.992825964204,37.48953109657629,서울특별시,서초구,서울 서초,커피빈,1
커피빈,코리아여의도신영증권별관점,서울특별시 영등포구 국제금융로8길 6,126.92968545198,37.5218010688175,서울특별시,영등포구,서울 영등포,커피빈,1
커피빈,코리아학동역점,서울특별시 강남구 학동로 211,127.03203413062,37.514673901446,서울특별시,강남구,서울 강남,커피빈,1
커피빈,코리아영동점,서울특별시 서초구 강남대로 503,127.022803927157,37.506848841525205,서울특별시,서초구,서울 서초,커피빈,1
커피빈코리아강변테크노마트점,코리아강변테크노마트점,서울특별시 광진구 광나루로56길 85,127.095680669092,37.535713409109995,서울특별시,광진구,서울 광진,커피빈,1
커피빈코리아홍대주차장길,,서울특별시 마포구 어울마당로 94,126.922082116243,37.553322435209,서울특별시,마포구,서울 마포,커피빈,1
커피빈코리아고대안암역,,서울특별시 성북구 개운사길 8,127.029558656269,37.5869806658445,서울특별시,성북구,서울 성북,커피빈,1
커피빈코리아뉴교보타워옆,,서울특별시 서초구 강남대로 449-3,127.024864400949,37.5023515888989,서울특별시,서초구,서울 서초,커피빈,1
커피빈,코리아용산아이파크몰점,서울특별시 용산구 한강대로21나길 7,126.963222625326,37.527902979157,서울특별시,용산구,서울 용산,커피빈,1
커피빈코리아선릉로86,,서울특별시 강남구 선릉로86길 11,127.05051384889799,37.5033624806187,서울특별시,강남구,서울 강남,커피빈,1
커피빈코리아서울대입구,,서울특별시 관악구 관악로 161,126.952165618801,37.4795992772291,서울특별시,관악구,서울 관악,커피빈,1
커피빈코리아동대문두타,,서울특별시 중구 장충단로 275,127.00876107145201,37.5688771077496,서울특별시,중구,서울 중구,커피빈,1
커피빈,강남대로센터점,서울특별시 강남구 강남대로 442,127.026044486533,37.5020549661299,서울특별시,강남구,서울 강남,커피빈,1
커피빈코리아국기원사거,,서울특별시 강남구 테헤란로8길 42,127.032149001631,37.496140153869206,서울특별시,강남구,서울 강남,커피빈,1
커피빈코리아세종문화회,,서울특별시 종로구 새문안로9길 25,126.97546930041901,37.5713410523375,서울특별시,종로구,서울 종로,커피빈,1
커피빈코리아명동성당앞,,서울특별시 중구 명동길 73,126.98621571950001,37.5644057026946,서울특별시,중구,서울 중구,커피빈,1
커피빈코리아보라매공원,,서울특별시 동작구 보라매로5길 35,126.923516694716,37.4921005826931,서울특별시,동작구,서울 동작,커피빈,1
커피빈코리아서초우성아,,서울특별시 서초구 사임당로 171,127.028336934523,37.492720890857704,서울특별시,서초구,서울 서초,커피빈,1
커피빈코리아대치포스코,,서울특별시 강남구 삼성로85길 11,127.056164781276,37.50458815090521,서울특별시,강남구,서울 강남,커피빈,1
커피빈,코리아청담점,서울특별시 강남구 선릉로158길 10,127.040821546998,37.5254230653213,서울특별시,강남구,서울 강남,커피빈,1
커피빈코리아트레이드타,,서울특별시 강남구 영동대로 511,127.061012608393,37.510348492347795,서울특별시,강남구,서울 강남,커피빈,1
커피빈코리아강남역먹자,,서울특별시 강남구 테헤란로1길 29,127.027279995112,37.500100847200606,서울특별시,강남구,서울 강남,커피빈,1
커피빈코리아CBTL잠실홈플러스점,코리아CBTL잠실홈플러스점,서울특별시 송파구 올림픽로35가길 16,127.102985725638,37.5162432391894,서울특별시,송파구,서울 송파,커피빈,1
커피빈,코리아서초지파이브점,서울특별시 서초구 서초중앙로24길 27,127.01639342259399,37.495442355068,서울특별시,서초구,서울 서초,커피빈,1
커피빈,코리아잠실신천점,서울특별시 송파구 석촌호수로 118,127.090004643288,37.5074307158543,서울특별시,송파구,서울 송파,커피빈,1
커피빈코리아압구정로데오점,코리아압구정로데오점,서울특별시 강남구 선릉로157길 12,127.03899126085301,37.5261110066291,서울특별시,강남구,서울 강남,커피빈,1
커피빈,코리아대학로점,서울특별시 종로구 대학로10길 5,127.00256577337,37.581853991881296,서울특별시,종로구,서울 종로,커피빈,1
커피빈,코리아중계동은행사거리점,서울특별시 노원구 한글비석로 263,127.076455974647,37.6512046410954,서울특별시,노원구,서울 노원,커피빈,1
커피빈,코리아동부이촌점,서울특별시 용산구 이촌로 303,126.98114151849501,37.5189042817897,서울특별시,용산구,서울 용산,커피빈,1
커피빈,코리아논현동팍스타워점,서울특별시 강남구 언주로 609,127.036664991663,37.509936177251,서울특별시,강남구,서울 강남,커피빈,1
커피빈,코리아차병원점,서울특별시 강남구 논현로 566,127.034940318209,37.5068404935954,서울특별시,강남구,서울 강남,커피빈,1
커피빈,코리아대치도곡역점,서울특별시 강남구 남부순환로 2911,127.05793503239401,37.492419988989504,서울특별시,강남구,서울 강남,커피빈,1
커피빈,바우하우스점,서울특별시 동대문구 답십리로 288,127.07236438040199,37.571916950764496,서울특별시,동대문구,서울 동대문,커피빈,1
커피빈,이대점,서울특별시 서대문구 이화여대길 68,126.944632876057,37.5593018304501,서울특별시,서대문구,서울 서대문,커피빈,1
커피빈,광화문점,서울특별시 종로구 종로 14,126.978841120047,37.5698024562943,서울특별시,종로구,서울 종로,커피빈,1
커피빈,코리아CBTL서울스퀘어점,서울특별시 중구 한강대로 416,126.973739611968,37.5554947274348,서울특별시,중구,서울 중구,커피빈,1
커피빈,코리아매봉역점,서울특별시 강남구 논현로38길 42,127.04504016855499,37.4855675353595,서울특별시,강남구,서울 강남,커피빈,1
커피빈,코리아여의도34번지점,서울특별시 영등포구 국제금융로 52,126.92949134082501,37.5227183747898,서울특별시,영등포구,서울 영등포,커피빈,1
커피빈,코리아목동홈플러스점,서울특별시 양천구 목동서로 170,126.873277717693,37.5302327290978,서울특별시,양천구,서울 양천,커피빈,1
커피빈,코리아대치포스코뒷점,서울특별시 강남구 삼성로85길 11,127.056164781276,37.50458815090521,서울특별시,강남구,서울 강남,커피빈,1
커피빈,천호현대백화점옆점,서울특별시 강동구 천호대로 1015-14,127.12519757952101,37.538963301202,서울특별시,강동구,서울 강동,커피빈,1
커피빈,삼성동EXPRESS점,서울특별시 강남구 봉은사로103길 6,127.061757425653,37.5150038564702,서울특별시,강남구,서울 강남,커피빈,1
커피빈,수서점,서울특별시 강남구 광평로 280,127.10309432439101,37.487311037413605,서울특별시,강남구,서울 강남,커피빈,1
커피빈,건대스타시티점,서울특별시 광진구 아차산로 262,127.072944230258,37.5369968145663,서울특별시,광진구,서울 광진,커피빈,1
커피빈,명동5호점,서울특별시 중구 명동10길 15,126.985394931198,37.5631642235302,서울특별시,중구,서울 중구,커피빈,1
커피빈,코리아홍대역점,서울특별시 마포구 홍익로6길 26,126.923251025422,37.555459553489705,서울특별시,마포구,서울 마포,커피빈,1
커피빈,코리아종로관철동점,서울특별시 종로구 청계천로 83,126.986715259806,37.5684736910396,서울특별시,종로구,서울 종로,커피빈,1
커피빈,강남KTB점,서울특별시 강남구 강남대로 358,127.029776927322,37.4950484396584,서울특별시,강남구,서울 강남,커피빈,1
커피빈,코리아선릉로86길점,서울특별시 강남구 선릉로86길 11,127.05051384889799,37.5033624806187,서울특별시,강남구,서울 강남,커피빈,1
커피빈,안국역점,서울특별시 종로구 율곡로 47,126.98457101031201,37.5763303655404,서울특별시,종로구,서울 종로,커피빈,1
커피빈,서강대학교점,서울특별시 마포구 백범로 35,126.943045399174,37.551493628889105,서울특별시,마포구,서울 마포,커피빈,1
커피빈,관훈점,서울특별시 종로구 인사동10길 5,126.98529158975501,37.574120001769096,서울특별시,종로구,서울 종로,커피빈,1
커피빈,삼성전자강남사옥점,서울특별시 서초구 서초대로74길 11,127.026895290214,37.496628616695105,서울특별시,서초구,서울 서초,커피빈,1
커피빈,올림픽공원북2문앞,서울특별시 강동구 강동대로 195,127.12825279632901,37.5243797641886,서울특별시,강동구,서울 강동,커피빈,1
커피빈남부터미널점,남부터미널점,서울특별시 서초구 서초중앙로 43,127.01556223138701,37.485532831951296,서울특별시,서초구,서울 서초,커피빈,1
커피빈,강남역142호점,서울특별시 서초구 강남대로65길 7,127.025310229469,37.5002468007788,서울특별시,서초구,서울 서초,커피빈,1
커피빈,대치역점,서울특별시 강남구 남부순환로 2942,127.062307522541,37.493635161918995,서울특별시,강남구,서울 강남,커피빈,1
커피빈코리아수유역점,코리아수유역점,서울특별시 강북구 도봉로 352,127.02702849877899,37.6386704071897,서울특별시,강북구,서울 강북,커피빈,1
커피빈,여의도역점,서울특별시 영등포구 의사당대로 110,126.924414010082,37.5202033823205,서울특별시,영등포구,서울 영등포,커피빈,1
커피빈,코리아서초뱅뱅사거리점,서울특별시 서초구 강남대로 267,127.03232143447201,37.4871580335374,서울특별시,서초구,서울 서초,커피빈,1
커피빈,코리아뉴교보타워옆점,서울특별시 서초구 강남대로 449-3,127.024864400949,37.5023515888989,서울특별시,서초구,서울 서초,커피빈,1
COFFEEBEAN영동2교사거리점,영동2교사거리점,서울특별시 강남구 논현로 136,127.043232821419,37.481876594572,서울특별시,강남구,서울 강남,커피빈,1
커피빈,압구정점,서울특별시 강남구 논현로175길 6,127.027900744457,37.52636263949079,서울특별시,강남구,서울 강남,커피빈,1
커피빈코리아포스코옆삼성로86길점,코리아포스코옆삼성로86길점,서울특별시 강남구 삼성로86길 11,127.058286255073,37.5058755720448,서울특별시,강남구,서울 강남,커피빈,1
커피빈코리아고대참살이길점,코리아고대참살이길점,서울특별시 성북구 인촌로24길 25,127.029527080303,37.5850521759835,서울특별시,성북구,서울 성북,커피빈,1
커피빈파크에비뉴엔터식스한양대점,파크에비뉴엔터식스한양대점,서울특별시 성동구 왕십리로 241,127.040008574127,37.557070331727,서울특별시,성동구,서울 성동,커피빈,1
커피빈,코리아상암한국지역정보개발원점,서울특별시 마포구 성암로 301,126.888228562225,37.5824543166653,서울특별시,마포구,서울 마포,커피빈,1
커피빈순화점,순화점,서울특별시 중구 통일로 78,126.96976016334999,37.562569291298104,서울특별시,중구,서울 중구,커피빈,1
커피빈,,서울특별시 강남구 삼성로85길 39,127.05426927656299,37.504221578426204,서울특별시,강남구,서울 강남,커피빈,1
커피빈코리아강남역랭기지,,서울특별시 강남구 테헤란로4길 28,127.030074547889,37.4965196043765,서울특별시,강남구,서울 강남,커피빈,1
커피빈코리아강남역142,,서울특별시 서초구 강남대로65길 7,127.025310229469,37.5002468007788,서울특별시,서초구,서울 서초,커피빈,1
커피빈코리아방배카페골목,,서울특별시 서초구 방배중앙로 187,126.985516688457,37.4957038434011,서울특별시,서초구,서울 서초,커피빈,1
커피빈코리아건대스타시티,,서울특별시 광진구 아차산로 262,127.073000466164,37.5370242876028,서울특별시,광진구,서울 광진,커피빈,1
커피빈,코리아상암DDMC점,서울특별시 마포구 매봉산로 75,126.892884654678,37.5784434320684,서울특별시,마포구,서울 마포,커피빈,1
커피빈코리아삼성오크우드,,서울특별시 강남구 삼성로 518,127.056219039363,37.508364008586895,서울특별시,강남구,서울 강남,커피빈,1
커피빈,코리아강서그랜드아이파크점,서울특별시 강서구 화곡로 341,126.85092558688999,37.554282228897,서울특별시,강서구,서울 강서,커피빈,1
커피빈대치동나무병원점대치동나무병원점,대치동나무병원점,서울특별시 강남구 영동대로 225,127.06762057385299,37.4992547639566,서울특별시,강남구,서울 강남,커피빈,1
커피빈코리아대치사거리점,코리아대치사거리점,서울특별시 강남구 삼성로 352,127.05898958183901,37.50300680723979,서울특별시,강남구,서울 강남,커피빈,1
커피빈장안점,장안점,서울특별시 동대문구 장한로 115,127.070520095746,37.5709293133171,서울특별시,동대문구,서울 동대문,커피빈,1
커피빈코리아매헌역점,코리아매헌역점,서울특별시 서초구 동산로 1,127.04011850849899,37.4690022265171,서울특별시,서초구,서울 서초,커피빈,1
커피빈,강서그랜드아이파크점,서울특별시 강서구 화곡로 347,126.85127939869899,37.5548262918983,서울특별시,강서구,서울 강서,커피빈,1
커피빈,코리아홍대역8번출구점,서울특별시 마포구 양화로18안길 7,126.925076311931,37.556818733934996,서울특별시,마포구,서울 마포,커피빈,1
커피빈,코리아연대동문회관점,서울특별시 서대문구 성산로 515,126.94331269081499,37.5630203260611,서울특별시,서대문구,서울 서대문,커피빈,1
커피빈코리아서초역1번출구점,코리아서초역1번출구점,서울특별시 서초구 서초대로 250,127.009257830783,37.491994761973,서울특별시,서초구,서울 서초,커피빈,1
커피빈,강남대로점,서울특별시 서초구 강남대로 365,127.028337240378,37.4953159341662,서울특별시,서초구,서울 서초,커피빈,1
커피빈문래동점,문래동점,서울특별시 영등포구 선유로 63,126.88903680220501,37.5196416290174,서울특별시,영등포구,서울 영등포,커피빈,1
커피빈,코리아잠원논현역점,서울특별시 서초구 신반포로47길 5,127.019436303055,37.510947756462,서울특별시,서초구,서울 서초,커피빈,1
커피빈예술의전당앞점,예술의전당앞점,서울특별시 서초구 반포대로 4,127.01316532553001,37.481214796629295,서울특별시,서초구,서울 서초,커피빈,1
커피빈코리아천호역점,코리아천호역점,서울특별시 강동구 올림픽로 659,127.123439105898,37.5403198653599,서울특별시,강동구,서울 강동,커피빈,1
커피빈삼성역글라스타워뒷점,삼성역글라스타워뒷점,서울특별시 강남구 영동대로85길 9,127.062874525423,37.5070834352286,서울특별시,강남구,서울 강남,커피빈,1
커피빈코리아도곡동지오빌딩점,코리아도곡동지오빌딩점,서울특별시 강남구 도곡로 206,127.04165288247299,37.4922619966497,서울특별시,강남구,서울 강남,커피빈,1
커피빈,코리아송파파크하비오B1점,서울특별시 송파구 송파대로 111,127.12487230133101,37.4796170833121,서울특별시,송파구,서울 송파,커피빈,1
커피빈코리아노원역점,코리아노원역점,서울특별시 노원구 노해로 490,127.062397480367,37.65440053774,서울특별시,노원구,서울 노원,커피빈,1
커피빈,코리아여의도K타워점,서울특별시 영등포구 국제금융로8길 31,126.92800618968701,37.5197765092138,서울특별시,영등포구,서울 영등포,커피빈,1
커피빈,코리아강남역12번출구점,서울특별시 강남구 테헤란로 111,127.029263750169,37.4988737095725,서울특별시,강남구,서울 강남,커피빈,1
커피빈,코리아강북구청앞점,서울특별시 강북구 한천로139길 25,127.025708529718,37.639101020702206,서울특별시,강북구,서울 강북,커피빈,1
커피빈,몽촌토성역점,서울특별시 송파구 위례성대로 2,127.112751353487,37.5169207098985,서울특별시,송파구,서울 송파,커피빈,1
커피빈코리아논현2015번지점,코리아논현2015번지점,서울특별시 강남구 강남대로112길 20,127.026033586479,37.505505913892705,서울특별시,강남구,서울 강남,커피빈,1
커피빈코리아합정푸르지오점,코리아합정푸르지오점,서울특별시 마포구 월드컵로3길 14,126.911635844887,37.55100103728871,서울특별시,마포구,서울 마포,커피빈,1
커피빈코리아구의삼성쉐르빌점,코리아구의삼성쉐르빌점,서울특별시 광진구 구의강변로 106,127.09494009916,37.539879614567205,서울특별시,광진구,서울 광진,커피빈,1
커피빈코리아강동경희대병원앞점,코리아강동경희대병원앞점,서울특별시 강동구 동남로 885,127.155957377088,37.5526489455254,서울특별시,강동구,서울 강동,커피빈,1
커피빈,코리아현대시티몰가든파이브점,서울특별시 송파구 충민로 66,127.124940952848,37.477608217824,서울특별시,송파구,서울 송파,커피빈,1
커피빈코리아한티역디마크빌딩점,코리아한티역디마크빌딩점,서울특별시 강남구 도곡로 408,127.055213389641,37.496615204091,서울특별시,강남구,서울 강남,커피빈,1
커피빈,코리아한성대입구역점,서울특별시 성북구 삼선교로 12,127.007120538766,37.587568948849395,서울특별시,성북구,서울 성북,커피빈,1
커피빈코리아위례2차아이파크점,코리아위례2차아이파크점,서울특별시 송파구 위례광장로 230,127.14374389224501,37.478547924507,서울특별시,송파구,서울 송파,커피빈,1
커피빈,코리아신논현역2번출구점,서울특별시 서초구 강남대로 475,127.023838618381,37.5046948677776,서울특별시,서초구,서울 서초,커피빈,1
커피빈,코리아혜화역1번출구점,서울특별시 종로구 대학로 128,127.002135605564,37.5826973345452,서울특별시,종로구,서울 종로,커피빈,1
커피빈,코리아합정역점,서울특별시 마포구 독막로 13,126.91505148563101,37.5488069061978,서울특별시,마포구,서울 마포,커피빈,1
커피빈,코리아종각역점,서울특별시 종로구 종로 70,126.98515637625401,37.569901966923105,서울특별시,종로구,서울 종로,커피빈,1
커피빈코리아상봉역점,코리아상봉역점,서울특별시 중랑구 망우로 291,127.084777091177,37.5964411963795,서울특별시,중랑구,서울 중랑,커피빈,1
커피빈,코리아문정역엠스테이트점,서울특별시 송파구 법원로 114,127.120997943551,37.4860489500657,서울특별시,송파구,서울 송파,커피빈,1
커피빈,코리아서초부띠크모나코점,서울특별시 서초구 서초대로 397,127.024498668666,37.4974288106161,서울특별시,서초구,서울 서초,커피빈,1
커피빈,코리아동교동삼거리점,서울특별시 마포구 양화로 196,126.92650273337,37.5583724887754,서울특별시,마포구,서울 마포,커피빈,1
커피빈,코리아응암동점,서울특별시 은평구 은평로 121,126.921074286152,37.6004373938409,서울특별시,은평구,서울 은평,커피빈,1
커피빈코리아양천향교역점,코리아양천향교역점,서울특별시 강서구 강서로 455,126.84033038221001,37.5660902741985,서울특별시,강서구,서울 강서,커피빈,1
커피빈,코이라마곡마커스빌딩점,서울특별시 강서구 마곡동로 55,126.833146869391,37.56000961482079,서울특별시,강서구,서울 강서,커피빈,1
커피빈,코리아방이역4번출구점,서울특별시 송파구 양재대로71길 1-20,127.12578093286699,37.509340841874106,서울특별시,송파구,서울 송파,커피빈,1
커피빈,종로구청앞점,서울특별시 종로구 종로3길 34,126.97946957868,37.57186226408621,서울특별시,종로구,서울 종로,커피빈,1
커피빈,연대동문회관점,서울특별시 서대문구 연세로 50,126.94291681751601,37.5638006863037,서울특별시,서대문구,서울 서대문,커피빈,1
커피빈,상수역점,서울특별시 마포구 와우산로10길 3,126.923175354186,37.5481334120258,서울특별시,마포구,서울 마포,커피빈,1
커피빈,코리아신용산역래미안점,서울특별시 용산구 한강대로 95,126.966401274358,37.528759804414705,서울특별시,용산구,서울 용산,커피빈,1
커피빈,미스리,서울특별시 송파구 도곡로64길 8,127.07885770470101,37.5051457354013,서울특별시,송파구,서울 송파,커피빈,1
커피빈,,서울특별시 동대문구 왕산로 175-1,127.04264035563699,37.57959982302,서울특별시,동대문구,서울 동대문,커피빈,1
커피빈,미스리,서울특별시 송파구 중대로 24,127.118887344542,37.49052953142571,서울특별시,송파구,서울 송파,커피빈,1
커피빈,별나라,서울특별시 강남구 역삼로77길 7,127.056264472694,37.5029580355234,서울특별시,강남구,서울 강남,커피빈,1
커피빈,왕십리민자역사점,서울특별시 성동구 왕십리광장로 17,127.038379235542,37.5614361598608,서울특별시,성동구,서울 성동,커피빈,1
커피빈,이태원몬드리안호텔점,서울특별시 용산구 장문로 23,126.99309341664801,37.5285578989796,서울특별시,용산구,서울 용산,커피빈,1
커피빈,코리아청계천을지로점,서울특별시 중구 남대문로10길 33,126.984494431701,37.567796847776606,서울특별시,중구,서울 중구,커피빈,1
커피빈,코리아교대법원점,서울특별시 서초구 서초중앙로 156,127.01351855740101,37.4956256258707,서울특별시,서초구,서울 서초,커피빈,1
커피빈,삼성루첸타워점,서울특별시 강남구 테헤란로 510,127.058634125746,37.5069956543708,서울특별시,강남구,서울 강남,커피빈,1
커피빈,동대입구역점,서울특별시 중구 동호로24길 11,127.005203625696,37.5597376320195,서울특별시,중구,서울 중구,커피빈,1
커피빈,코리아화곡역점,서울특별시 강서구 강서로 162,126.841018736099,37.5413817074657,서울특별시,강서구,서울 강서,커피빈,1
커피빈,,서울특별시 강동구 구천면로64길 6,127.139868299615,37.5502802018384,서울특별시,강동구,서울 강동,커피빈,1
커피빈,코리아서초중앙로점,서울특별시 서초구 서초중앙로 209,127.011805784905,37.5003058025711,서울특별시,서초구,서울 서초,커피빈,1
커피빈,KB국민은행노원역점,서울특별시 노원구 동일로 1405,127.06016081453001,37.653824097788004,서울특별시,노원구,서울 노원,커피빈,1
커피빈,송파헬리오시티점,서울특별시 송파구 송파대로 345,127.102518841,37.4976057949232,서울특별시,송파구,서울 송파,커피빈,1
커피빈고대세종캠퍼스점,고대세종캠퍼스점,세종특별자치시 세종특별자치시 조치원읍 세종로 2511,127.29100084253099,36.61169005387671,세종특별자치시,세종특별자치시,세종,커피빈,1
커피빈,코리아울산삼산동점,울산광역시 남구 삼산로 273,129.336798688725,35.5395324314302,울산광역시,남구,울산 남구,커피빈,1
울산바리스타디투커피빈,,울산광역시 중구 명륜로 70,129.311577468363,35.5577003691453,울산광역시,중구,울산 중구,커피빈,1
커피빈,,울산광역시 중구 명륜로 70,129.311577468363,35.5577003691453,울산광역시,중구,울산 중구,커피빈,1
커피빈,코리아울산업스퀘어점,울산광역시 남구 화합로 185,129.33891330709298,35.541365662001,울산광역시,남구,울산 남구,커피빈,1
커피빈,코리아인천스퀘어원1호점,인천광역시 연수구 청능대로 210,126.68360882355302,37.4059827608181,인천광역시,연수구,인천 연수,커피빈,1
커피빈,,인천광역시 부평구 장제로 199,126.730634152416,37.5033855967194,인천광역시,부평구,인천 부평,커피빈,1
커피빈,코리아부평문화의거리점,인천광역시 부평구 시장로 29,126.725597056737,37.4936542869714,인천광역시,부평구,인천 부평,커피빈,1
커피빈코리아인천구월동점,코리아인천구월동점,인천광역시 남동구 예술로 138,126.701008677583,37.446208388577496,인천광역시,남동구,인천 남동,커피빈,1
커피빈,코리아송도홈플러스점,인천광역시 연수구 송도국제대로 165,126.656362175768,37.3802128549139,인천광역시,연수구,인천 연수,커피빈,1
COFFEEBEAN송도홈플러스점,송도홈플러스점,인천광역시 연수구 송도국제대로 165,126.65677488275699,37.380496866483,인천광역시,연수구,인천 연수,커피빈,1
커피빈코리아인천스퀘어원,,인천광역시 연수구 청능대로 210,126.68360882355302,37.4059827608181,인천광역시,연수구,인천 연수,커피빈,1
커피빈,인천국제공항2호점,인천광역시 중구 공항로 272,126.42768975715201,37.458331260033795,인천광역시,중구,인천 중구,커피빈,1
커피빈,코리아송도트리플스트리트점,인천광역시 연수구 송도과학로16번길 33-4,126.66279177352699,37.3786638613824,인천광역시,연수구,인천 연수,커피빈,1
커피빈선학,,인천광역시 연수구 선학로68번길 7-4,126.701769398014,37.4237628853785,인천광역시,연수구,인천 연수,커피빈,1
커피빈,송도트리플점,인천광역시 연수구 송도과학로16번길 33-3,126.660941544716,37.379850320667295,인천광역시,연수구,인천 연수,커피빈,1
커피빈,영종도운서역점,인천광역시 중구 신도시남로142번길 6,126.491477637788,37.4934102770101,인천광역시,중구,인천 중구,커피빈,1
커피빈,인천공항제2여객터미널입구점,인천광역시 중구 제2터미널대로 444,126.432188550756,37.4702212449086,인천광역시,중구,인천 중구,커피빈,1
커피빈스빈,,전라남도 해남군 문내면 동영길 5,126.314255000578,34.596123050904396,전라남도,해남군,해남,커피빈,1
커피빈,,전라남도 여수시 대학로 18-1,127.702681880061,34.771724394243996,전라남도,여수시,여수,커피빈,1
커피빈,,전라북도 전주시 완산구 기린대로 213,127.146357293363,35.825731369728395,전라북도,완산구,완산,커피빈,1
커피빈,,전라북도 군산시 미원로 126-6,126.718340130218,35.979542033030704,전라북도,군산시,군산,커피빈,1
커피빈,,충청남도 금산군 금산읍 비선길 44,127.49071672285,36.10252974085321,충청남도,금산군,금산,커피빈,1
커피빈,코리아천안신부동점,충청남도 천안시 동남구 만남로 48,127.15738418441002,36.818596485833794,충청남도,동남구,동남,커피빈,1
커피빈,파비뇽점,충청북도 청주시 흥덕구 월명로 212,127.455569382046,36.653704747195,충청북도,흥덕구,흥덕,커피빈,1
커피빈,,충청북도 제천시 내제로 74,128.20310421597,37.136041829978794,충청북도,제천시,제천,커피빈,1
커피빈,코리아청주점,충청북도 청주시 상당구 상당로69번길 20,127.489295300528,36.6345321837491,충청북도,상당구,상당,커피빈,1
커피빈,,충청북도 음성군 금왕읍 무극로 281,127.59280383943701,36.9930177316164,충청북도,음성군,음성,커피빈,1
커피빈,,충청북도 제천시 죽하로 71-3,128.224848064823,37.158206699311705,충청북도,제천시,제천,커피빈,1
